fuñir,fuñó,1b
hablar,habló,0a*
atiesar,atiesó,0a*
allegar,allegó,0a*
judaizar,judaizó,0a*
remudar,remudó,0a*
implorar,imploró,0a*
sollar,solló,0a*
enfrenar,enfrenó,0a*
domeñar,domeñó,0a*
acensar,acensó,0a*
varar,varó,0a*
coeditar,coeditó,0a*
gesticular,gesticuló,0a*
existimar,existimó,0a*
desternillar,desternilló,0a*
chichar,chichó,0a*
compatibilizar,compatibilizó,0a*
acidificar,acidificó,0a*
quelar,queló,0a*
conmocionar,conmocionó,0a*
comulgar,comulgó,0a*
desamistar,desamistó,0a*
funar,funó,0a*
abalanzar,abalanzó,0a*
apoyar,apoyó,0a*
dormitar,dormitó,0a*
holgar,holgó,0a*
documentar,documentó,0a*
inmigrar,inmigró,0a*
soñar,soñó,0a*
juzgar,juzgó,0a*
cebar,cebó,0a*
pialar,pialó,0a*
amonedar,amonedó,0a*
estandarizar,estandarizó,0a*
argayar,argayó,0a*
apanar,apanó,0a*
percolar,percoló,0a*
dementar,dementó,0a*
subclasificar,subclasificó,0a*
solar,soló,0a*
sobrerregular,sobrerreguló,0a*
basar,basó,0a*
denigrar,denigró,0a*
apoquinar,apoquinó,0a*
rehidratar,rehidrató,0a*
desperdigar,desperdigó,0a*
desaconsejar,desaconsejó,0a*
totemizar,totemizó,0a*
exonerar,exoneró,0a*
enllavar,enllavó,0a*
posar,posó,0a*
entrechocar,entrechocó,0a*
sustentar,sustentó,0a*
pasterizar,pasterizó,0a*
endeudar,endeudó,0a*
desenroscar,desenroscó,0a*
perchar,perchó,0a*
turbar,turbó,0a*
misar,misó,0a*
apostillar,apostilló,0a*
aterrizar,aterrizó,0a*
rehilar,rehiló,0a*
fusilar,fusiló,0a*
sobornar,sobornó,0a*
sincerar,sinceró,0a*
repugnar,repugnó,0a*
sublimar,sublimó,0a*
ornar,ornó,0a*
apellidar,apellidó,0a*
amostazar,amostazó,0a*
provincializar,provincializó,0a*
agilipollar,agilipolló,0a*
abjurar,abjuró,0a*
replantar,replantó,0a*
descansar,descansó,0a*
soslayar,soslayó,0a*
salvaguardar,salvaguardó,0a*
meritar,meritó,0a*
surcar,surcó,0a*
destechar,destechó,0a*
estipular,estipuló,0a*
ficcionar,ficcionó,0a*
vezar,vezó,0a*
entripar,entripó,0a*
tropezar,tropezó,0a*
enguatar,enguató,0a*
menar,menó,0a*
pergeñar,pergeñó,0a*
metilar,metiló,0a*
humidificar,humidificó,0a*
desenfadar,desenfadó,0a*
magullar,magulló,0a*
enraizar,enraizó,0a*
afortunar,afortunó,0a*
torrar,torró,0a*
parlamentar,parlamentó,0a*
agavillar,agavilló,0a*
coadyuvar,coadyuvó,0a*
desconsolidar,desconsolidó,0a*
asaltar,asaltó,0a*
pepenar,pepenó,0a*
brutalizar,brutalizó,0a*
manar,manó,0a*
molestar,molestó,0a*
prohijar,prohijó,0a*
crevar,crevó,0a*
desflecar,desflecó,0a*
almacenar,almacenó,0a*
extremar,extremó,0a*
enchilar,enchiló,0a*
transformar,transformó,0a*
islamizar,islamizó,0a*
encofrar,encofró,0a*
alijar,alijó,0a*
valsar,valsó,0a*
hermetizar,hermetizó,0a*
pretextar,pretextó,0a*
toldar,toldó,0a*
endiñar,endiñó,0a*
manipular,manipuló,0a*
engarruchar,engarruchó,0a*
monitorizar,monitorizó,0a*
deseleccionar,deseleccionó,0a*
normar,normó,0a*
festonar,festonó,0a*
lotificar,lotificó,0a*
explayar,explayó,0a*
estribar,estribó,0a*
devorar,devoró,0a*
engolfar,engolfó,0a*
lijar,lijó,0a*
desovillar,desovilló,0a*
rastrar,rastró,0a*
hermandar,hermandó,0a*
relegar,relegó,0a*
postensar,postensó,0a*
herrar,herró,0a*
representar,representó,0a*
destilar,destiló,0a*
aromatizar,aromatizó,0a*
mancornar,mancornó,0a*
interiorizar,interiorizó,0a*
alocar,alocó,0a*
acedar,acedó,0a*
condicionar,condicionó,0a*
objetar,objetó,0a*
achaflanar,achaflanó,0a*
afinar,afinó,0a*
desencantar,desencantó,0a*
giroelongar,giroelongó,0a*
mirar,miró,0a*
calcar,calcó,0a*
señalizar,señalizó,0a*
pasteurizar,pasteurizó,0a*
emancipar,emancipó,0a*
repolarizar,repolarizó,0a*
integrar,integró,0a*
biodiversificar,biodiversificó,0a*
campeonar,campeonó,0a*
lalar,laló,0a*
enjalbegar,enjalbegó,0a*
contraatacar,contraatacó,0a*
parametrizar,parametrizó,0a*
acitronar,acitronó,0a*
desquebrajar,desquebrajó,0a*
alfombrar,alfombró,0a*
desacomodar,desacomodó,0a*
amputar,amputó,0a*
desvenar,desvenó,0a*
victimizar,victimizó,0a*
acrecentar,acrecentó,0a*
novelar,noveló,0a*
deslindar,deslindó,0a*
reautorizar,reautorizó,0a*
diabolizar,diabolizó,0a*
desperezar,desperezó,0a*
explanar,explanó,0a*
asemejar,asemejó,0a*
achispar,achispó,0a*
minusvalorar,minusvaloró,0a*
engrilletar,engrilletó,0a*
remolcar,remolcó,0a*
acreditar,acreditó,0a*
obispar,obispó,0a*
repuntar,repuntó,0a*
circunvalar,circunvaló,0a*
ametrallar,ametralló,0a*
enlistar,enlistó,0a*
descaminar,descaminó,0a*
reportar,reportó,0a*
aerar,aeró,0a*
avituallar,avitualló,0a*
acosar,acosó,0a*
alejar,alejó,0a*
crotorar,crotoró,0a*
polemizar,polemizó,0a*
achatarrar,achatarró,0a*
defensar,defensó,0a*
preestrenar,preestrenó,0a*
desacostumbrar,desacostumbró,0a*
contrademandar,contrademandó,0a*
disculpar,disculpó,0a*
sonsacar,sonsacó,0a*
resanar,resanó,0a*
encastrar,encastró,0a*
ventilar,ventiló,0a*
piafar,piafó,0a*
orbitar,orbitó,0a*
reagrupar,reagrupó,0a*
encalmar,encalmó,0a*
zonificar,zonificó,0a*
dovelar,doveló,0a*
reenergizar,reenergizó,0a*
rebanar,rebanó,0a*
impresionar,impresionó,0a*
rasterizar,rasterizó,0a*
potabilizar,potabilizó,0a*
hesitar,hesitó,0a*
reptar,reptó,0a*
adamar,adamó,0a*
rebujar,rebujó,0a*
almagrar,almagró,0a*
alumbrar,alumbró,0a*
nombrar,nombró,0a*
desfragmentar,desfragmentó,0a*
vaticinar,vaticinó,0a*
apelotar,apelotó,0a*
cargar,cargó,0a*
encallar,encalló,0a*
renacionalizar,renacionalizó,0a*
conspirar,conspiró,0a*
platicar,platicó,0a*
recertificar,recertificó,0a*
atollar,atolló,0a*
transcodificar,transcodificó,0a*
publicitar,publicitó,0a*
experimentar,experimentó,0a*
mitigar,mitigó,0a*
instilar,instiló,0a*
deformar,deformó,0a*
sobrevalorar,sobrevaloró,0a*
expedientar,expedientó,0a*
denotar,denotó,0a*
reversionar,reversionó,0a*
deshonrar,deshonró,0a*
denegar,denegó,0a*
desequilibrar,desequilibró,0a*
procrastinar,procrastinó,0a*
mundializar,mundializó,0a*
nacionalizar,nacionalizó,0a*
ferrar,ferró,0a*
masacrar,masacró,0a*
churruscar,churruscó,0a*
desollar,desolló,0a*
ruralizar,ruralizó,0a*
radicar,radicó,0a*
defeccionar,defeccionó,0a*
degradar,degradó,0a*
rediseñar,rediseñó,0a*
magnetizar,magnetizó,0a*
engendrar,engendró,0a*
desflorar,desfloró,0a*
chotar,chotó,0a*
pulimentar,pulimentó,0a*
imperar,imperó,0a*
chorizar,chorizó,0a*
lignificar,lignificó,0a*
despachar,despachó,0a*
canalizar,canalizó,0a*
sofisticar,sofisticó,0a*
empenachar,empenachó,0a*
hipnotizar,hipnotizó,0a*
ocultar,ocultó,0a*
clorar,cloró,0a*
degenerar,degeneró,0a*
lindar,lindó,0a*
deportar,deportó,0a*
cofabricar,cofabricó,0a*
titilar,titiló,0a*
arrematar,arremató,0a*
valorar,valoró,0a*
pinzar,pinzó,0a*
rezagar,rezagó,0a*
cuatriplicar,cuatriplicó,0a*
secundar,secundó,0a*
bisar,bisó,0a*
trabajar,trabajó,0a*
impurificar,impurificó,0a*
readiestrar,readiestró,0a*
profetizar,profetizó,0a*
ahumar,ahumó,0a*
imaginar,imaginó,0a*
trasbordar,trasbordó,0a*
desengrasar,desengrasó,0a*
alivianar,alivianó,0a*
conculcar,conculcó,0a*
trefilar,trefiló,0a*
ayustar,ayustó,0a*
estragar,estragó,0a*
accidentar,accidentó,0a*
analizar,analizó,0a*
tatemar,tatemó,0a*
supeditar,supeditó,0a*
diplomar,diplomó,0a*
arcillar,arcilló,0a*
preaprobar,preaprobó,0a*
descuajar,descuajó,0a*
acastillar,acastilló,0a*
cuajar,cuajó,0a*
invocar,invocó,0a*
indemnizar,indemnizó,0a*
anexar,anexó,0a*
opositar,opositó,0a*
aplazar,aplazó,0a*
desnudar,desnudó,0a*
desrabotar,desrabotó,0a*
colindar,colindó,0a*
asechar,asechó,0a*
expectar,expectó,0a*
enajenar,enajenó,0a*
esprintar,esprintó,0a*
feminizar,feminizó,0a*
reorientar,reorientó,0a*
desafilar,desafiló,0a*
gobernar,gobernó,0a*
transladar,transladó,0a*
familiarizar,familiarizó,0a*
reeditar,reeditó,0a*
minimalizar,minimalizó,0a*
hormigonar,hormigonó,0a*
persignar,persignó,0a*
desdorar,desdoró,0a*
envergar,envergó,0a*
alborozar,alborozó,0a*
delaminar,delaminó,0a*
deliberar,deliberó,0a*
fervorizar,fervorizó,0a*
reintentar,reintentó,0a*
liberar,liberó,0a*
librar,libró,0a*
espinar,espinó,0a*
escayolar,escayoló,0a*
encelar,enceló,0a*
anisar,anisó,0a*
satanizar,satanizó,0a*
magnificar,magnificó,0a*
aglomerar,aglomeró,0a*
propasar,propasó,0a*
desvincular,desvinculó,0a*
verticalizar,verticalizó,0a*
podemizar,podemizó,0a*
amedrentar,amedrentó,0a*
humillar,humilló,0a*
desayunar,desayunó,0a*
titularizar,titularizó,0a*
glosar,glosó,0a*
medicalizar,medicalizó,0a*
rebozar,rebozó,0a*
depravar,depravó,0a*
refacturar,refacturó,0a*
balotar,balotó,0a*
confitar,confitó,0a*
reivindicar,reivindicó,0a*
declamar,declamó,0a*
revolcar,revolcó,0a*
ensartar,ensartó,0a*
masticar,masticó,0a*
carnavalizar,carnavalizó,0a*
pichar,pichó,0a*
proliferar,proliferó,0a*
yugular,yuguló,0a*
rebrotar,rebrotó,0a*
engrasar,engrasó,0a*
aquietar,aquietó,0a*
alquitranar,alquitranó,0a*
reparar,reparó,0a*
espalar,espaló,0a*
preconvocar,preconvocó,0a*
sajar,sajó,0a*
acanalar,acanaló,0a*
labrar,labró,0a*
contestar,contestó,0a*
cosechar,cosechó,0a*
diseminar,diseminó,0a*
preprocesar,preprocesó,0a*
adicionar,adicionó,0a*
descompresionar,descompresionó,0a*
insubordinar,insubordinó,0a*
conversar,conversó,0a*
encorajinar,encorajinó,0a*
desplumar,desplumó,0a*
desdramatizar,desdramatizó,0a*
legitimar,legitimó,0a*
espetar,espetó,0a*
enjugar,enjugó,0a*
empapelar,empapeló,0a*
desforzar,desforzó,0a*
encapotar,encapotó,0a*
aflorar,afloró,0a*
planificar,planificó,0a*
arrumar,arrumó,0a*
sollozar,sollozó,0a*
acampanar,acampanó,0a*
aguijar,aguijó,0a*
destocar,destocó,0a*
atrancar,atrancó,0a*
otar,otó,0a*
cotizar,cotizó,0a*
embalar,embaló,0a*
equilibrar,equilibró,0a*
encastar,encastó,0a*
emparedar,emparedó,0a*
destratar,destrató,0a*
desmelenar,desmelenó,0a*
encolerizar,encolerizó,0a*
avasallar,avasalló,0a*
granar,granó,0a*
refaccionar,refaccionó,0a*
apabullar,apabulló,0a*
encostalar,encostaló,0a*
despintar,despintó,0a*
pescar,pescó,0a*
enzarzar,enzarzó,0a*
chufar,chufó,0a*
enjoyar,enjoyó,0a*
abordar,abordó,0a*
espartar,espartó,0a*
asonantar,asonantó,0a*
declinar,declinó,0a*
descorchar,descorchó,0a*
discrepar,discrepó,0a*
justificar,justificó,0a*
desmigajar,desmigajó,0a*
coevolucionar,coevolucionó,0a*
hospitalizar,hospitalizó,0a*
desasnar,desasnó,0a*
entremezclar,entremezcló,0a*
arrollar,arrolló,0a*
especificar,especificó,0a*
avivar,avivó,0a*
transitar,transitó,0a*
contramarchar,contramarchó,0a*
precisar,precisó,0a*
desmilitarizar,desmilitarizó,0a*
emborrachar,emborrachó,0a*
popularizar,popularizó,0a*
gasificar,gasificó,0a*
pesquisar,pesquisó,0a*
pirar,piró,0a*
garbar,garbó,0a*
adueñar,adueñó,0a*
inventar,inventó,0a*
pispar,pispó,0a*
clausurar,clausuró,0a*
dentar,dentó,0a*
decorar,decoró,0a*
injertar,injertó,0a*
desempatar,desempató,0a*
trinar,trinó,0a*
molinar,molinó,0a*
zabordar,zabordó,0a*
sobrellevar,sobrellevó,0a*
quimbar,quimbó,0a*
bobinar,bobinó,0a*
trabar,trabó,0a*
connotar,connotó,0a*
despoblar,despobló,0a*
acordar,acordó,0a*
destronar,destronó,0a*
forcejar,forcejó,0a*
cejar,cejó,0a*
relocalizar,relocalizó,0a*
decolorar,decoloró,0a*
apertrechar,apertrechó,0a*
precarizar,precarizó,0a*
sintonizar,sintonizó,0a*
atar,ató,0a*
robotizar,robotizó,0a*
deforestar,deforestó,0a*
filosofar,filosofó,0a*
reactualizar,reactualizó,0a*
abarcar,abarcó,0a*
encubertar,encubertó,0a*
avecindar,avecindó,0a*
engañar,engañó,0a*
enchapopotar,enchapopotó,0a*
rarificar,rarificó,0a*
delimitar,delimitó,0a*
caçar,caçó,0a*
descampar,descampó,0a*
procesar,procesó,0a*
avulsionar,avulsionó,0a*
profundizar,profundizó,0a*
helar,heló,0a*
poetizar,poetizó,0a*
rebelar,rebeló,0a*
descentrar,descentró,0a*
rasguñar,rasguñó,0a*
forzar,forzó,0a*
vitalizar,vitalizó,0a*
publicar,publicó,0a*
subalimentar,subalimentó,0a*
expansionar,expansionó,0a*
desfigurar,desfiguró,0a*
logar,logó,0a*
canibalizar,canibalizó,0a*
corvar,corvó,0a*
dimanar,dimanó,0a*
pluralizar,pluralizó,0a*
arrimar,arrimó,0a*
exsudar,exsudó,0a*
protonar,protonó,0a*
reverberar,reverberó,0a*
danzar,danzó,0a*
cerchar,cerchó,0a*
deslastrar,deslastró,0a*
recalcar,recalcó,0a*
reperfilar,reperfiló,0a*
abombar,abombó,0a*
elevar,elevó,0a*
capitular,capituló,0a*
compartimentar,compartimentó,0a*
clamar,clamó,0a*
follar,folló,0a*
herbolar,herboló,0a*
sobrecargar,sobrecargó,0a*
trompezar,trompezó,0a*
retrasar,retrasó,0a*
ahitar,ahitó,0a*
desembrollar,desembrolló,0a*
beatificar,beatificó,0a*
nidificar,nidificó,0a*
descontextualizar,descontextualizó,0a*
inspirar,inspiró,0a*
mandatar,mandató,0a*
especializar,especializó,0a*
inmovilizar,inmovilizó,0a*
reactivar,reactivó,0a*
liberalizar,liberalizó,0a*
remasterizar,remasterizó,0a*
emulsionar,emulsionó,0a*
anglicanizar,anglicanizó,0a*
antagonizar,antagonizó,0a*
andaluzar,andaluzó,0a*
encerar,enceró,0a*
desestresar,desestresó,0a*
propagar,propagó,0a*
federalizar,federalizó,0a*
recapturar,recapturó,0a*
anexionar,anexionó,0a*
rebrillar,rebrilló,0a*
tasar,tasó,0a*
rebalsar,rebalsó,0a*
engalgar,engalgó,0a*
inflamar,inflamó,0a*
clasificar,clasificó,0a*
desarraigar,desarraigó,0a*
contextualizar,contextualizó,0a*
revirar,reviró,0a*
escriturar,escrituró,0a*
engastar,engastó,0a*
adorar,adoró,0a*
penetrar,penetró,0a*
agarrar,agarró,0a*
maximizar,maximizó,0a*
soltar,soltó,0a*
lambiscar,lambiscó,0a*
desaliñar,desaliñó,0a*
mojar,mojó,0a*
desembalsar,desembalsó,0a*
deshilar,deshiló,0a*
trastocar,trastocó,0a*
cubanizar,cubanizó,0a*
encomendar,encomendó,0a*
abaluartar,abaluartó,0a*
magular,maguló,0a*
embobar,embobó,0a*
visar,visó,0a*
entomatar,entomató,0a*
difuminar,difuminó,0a*
amusgar,amusgó,0a*
mutilar,mutiló,0a*
desmontar,desmontó,0a*
sesionar,sesionó,0a*
alunizar,alunizó,0a*
adiestrar,adiestró,0a*
acrianzar,acrianzó,0a*
tripular,tripuló,0a*
desfilar,desfiló,0a*
desmantelar,desmanteló,0a*
lematizar,lematizó,0a*
versificar,versificó,0a*
conformar,conformó,0a*
suplicar,suplicó,0a*
pautar,pautó,0a*
monologar,monologó,0a*
trashumar,trashumó,0a*
discar,discó,0a*
estibar,estibó,0a*
angular,anguló,0a*
optar,optó,0a*
apandar,apandó,0a*
recircular,recirculó,0a*
agorar,agoró,0a*
capuzar,capuzó,0a*
cohonestar,cohonestó,0a*
enfrascar,enfrascó,0a*
importar,importó,0a*
amansar,amansó,0a*
renderizar,renderizó,0a*
consolar,consoló,0a*
mentorizar,mentorizó,0a*
recombinar,recombinó,0a*
cristianizar,cristianizó,0a*
desaprobar,desaprobó,0a*
enmasillar,enmasilló,0a*
desenrollar,desenrolló,0a*
interconectar,interconectó,0a*
prefijar,prefijó,0a*
desabrigar,desabrigó,0a*
azuzar,azuzó,0a*
resemblar,resembló,0a*
novelizar,novelizó,0a*
amacollar,amacolló,0a*
emparejar,emparejó,0a*
mercar,mercó,0a*
embragar,embragó,0a*
circular,circuló,0a*
desvalorizar,desvalorizó,0a*
reequipar,reequipó,0a*
enfrentar,enfrentó,0a*
hachar,hachó,0a*
apasionar,apasionó,0a*
encalabozar,encalabozó,0a*
demeritar,demeritó,0a*
menuzar,menuzó,0a*
malbaratar,malbarató,0a*
indigestar,indigestó,0a*
encausar,encausó,0a*
descongelar,descongeló,0a*
encalar,encaló,0a*
rodar,rodó,0a*
sulfurar,sulfuró,0a*
equivocar,equivocó,0a*
cimblar,cimbló,0a*
desosar,desosó,0a*
suicidar,suicidó,0a*
potar,potó,0a*
aliñar,aliñó,0a*
despolarizar,despolarizó,0a*
incorporar,incorporó,0a*
desencasillar,desencasilló,0a*
sobrestimar,sobrestimó,0a*
esquivar,esquivó,0a*
inspeccionar,inspeccionó,0a*
confesar,confesó,0a*
hirmar,hirmó,0a*
sinonimizar,sinonimizó,0a*
demarcar,demarcó,0a*
subalternizar,subalternizó,0a*
espachurrar,espachurró,0a*
reocupar,reocupó,0a*
reintegrar,reintegró,0a*
bastar,bastó,0a*
desenterrar,desenterró,0a*
remarcar,remarcó,0a*
pichar,pichó,0a*
nulificar,nulificó,0a*
tunelar,tuneló,0a*
arrebolar,arreboló,0a*
legitimizar,legitimizó,0a*
destapar,destapó,0a*
desencaminar,desencaminó,0a*
marchitar,marchitó,0a*
levantar,levantó,0a*
agigantar,agigantó,0a*
informalizar,informalizó,0a*
abarracar,abarracó,0a*
copatrocinar,copatrocinó,0a*
calcificar,calcificó,0a*
perorar,peroró,0a*
aniquilar,aniquiló,0a*
democratizar,democratizó,0a*
reputar,reputó,0a*
subcontratar,subcontrató,0a*
halogenar,halogenó,0a*
exhumar,exhumó,0a*
zozobrar,zozobró,0a*
rugar,rugó,0a*
exornar,exornó,0a*
pronominalizar,pronominalizó,0a*
reflexionar,reflexionó,0a*
cartelizar,cartelizó,0a*
solapar,solapó,0a*
gentrificar,gentrificó,0a*
estructurar,estructuró,0a*
bilateralizar,bilateralizó,0a*
alcantarillar,alcantarilló,0a*
energizar,energizó,0a*
triplicar,triplicó,0a*
encuestar,encuestó,0a*
arrancar,arrancó,0a*
saponificar,saponificó,0a*
desmarimbar,desmarimbó,0a*
llenar,llenó,0a*
descojonar,descojonó,0a*
bajar,bajó,0a*
reencauzar,reencauzó,0a*
apersonar,apersonó,0a*
regar,regó,0a*
criogenizar,criogenizó,0a*
suturar,suturó,0a*
bramar,bramó,0a*
desactivar,desactivó,0a*
apresurar,apresuró,0a*
desacralizar,desacralizó,0a*
aburguesar,aburguesó,0a*
descoyuntar,descoyuntó,0a*
transmigrar,transmigró,0a*
solidar,solidó,0a*
estregar,estregó,0a*
desacatar,desacató,0a*
enchironar,enchironó,0a*
sesgar,sesgó,0a*
azarar,azaró,0a*
desazolvar,desazolvó,0a*
caratular,caratuló,0a*
victimar,victimó,0a*
desfasar,desfasó,0a*
amohinar,amohinó,0a*
rostizar,rostizó,0a*
egresar,egresó,0a*
preelaborar,preelaboró,0a*
repagar,repagó,0a*
desposar,desposó,0a*
reutilizar,reutilizó,0a*
malgastar,malgastó,0a*
ultrajar,ultrajó,0a*
encarrilar,encarriló,0a*
descontracturar,descontracturó,0a*
roscar,roscó,0a*
resquebrajar,resquebrajó,0a*
rebautizar,rebautizó,0a*
afectar,afectó,0a*
finar,finó,0a*
arborizar,arborizó,0a*
atestar,atestó,0a*
abadernar,abadernó,0a*
yapar,yapó,0a*
manufacturar,manufacturó,0a*
desdeñar,desdeñó,0a*
coligar,coligó,0a*
rebuznar,rebuznó,0a*
abajar,abajó,0a*
conceptualizar,conceptualizó,0a*
rumorar,rumoró,0a*
reacomodar,reacomodó,0a*
aumentar,aumentó,0a*
encabestrar,encabestró,0a*
osar,osó,0a*
discapacitar,discapacitó,0a*
reestabilizar,reestabilizó,0a*
incubar,incubó,0a*
metalizar,metalizó,0a*
reimplantar,reimplantó,0a*
empapuzar,empapuzó,0a*
llagar,llagó,0a*
susurrar,susurró,0a*
expulsar,expulsó,0a*
atarazar,atarazó,0a*
lisar,lisó,0a*
espantar,espantó,0a*
rehusar,rehusó,0a*
subarrendar,subarrendó,0a*
opinar,opinó,0a*
bañar,bañó,0a*
microfilmar,microfilmó,0a*
decantar,decantó,0a*
entrecomillar,entrecomilló,0a*
hostigar,hostigó,0a*
helitransportar,helitransportó,0a*
autentificar,autentificó,0a*
increpar,increpó,0a*
frezar,frezó,0a*
abaldonar,abaldonó,0a*
enchuflar,enchufló,0a*
desparramar,desparramó,0a*
esperanzar,esperanzó,0a*
decelerar,deceleró,0a*
tratar,trató,0a*
reposar,reposó,0a*
transliterar,transliteró,0a*
discordar,discordó,0a*
censar,censó,0a*
copular,copuló,0a*
arremangar,arremangó,0a*
remendar,remendó,0a*
renumerar,renumeró,0a*
correlacionar,correlacionó,0a*
casar,casó,0a*
sulfatar,sulfató,0a*
monetizar,monetizó,0a*
cerrar,cerró,0a*
rancar,rancó,0a*
retumbar,retumbó,0a*
musitar,musitó,0a*
aboyar,aboyó,0a*
permutar,permutó,0a*
aprestar,aprestó,0a*
centrifugar,centrifugó,0a*
rifar,rifó,0a*
comparar,comparó,0a*
enmanillar,enmanilló,0a*
empozar,empozó,0a*
arrechar,arrechó,0a*
copilotar,copilotó,0a*
alcanzar,alcanzó,0a*
abancalar,abancaló,0a*
hibridar,hibridó,0a*
charlar,charló,0a*
gozar,gozó,0a*
contraargumentar,contraargumentó,0a*
escrachar,escrachó,0a*
esfumar,esfumó,0a*
cauterizar,cauterizó,0a*
respaldar,respaldó,0a*
endiosar,endiosó,0a*
prestar,prestó,0a*
obturar,obturó,0a*
retractar,retractó,0a*
zombificar,zombificó,0a*
tarifar,tarifó,0a*
celebrar,celebró,0a*
tensar,tensó,0a*
imanar,imanó,0a*
desguanguañar,desguanguañó,0a*
turnar,turnó,0a*
ofertar,ofertó,0a*
cogobernar,cogobernó,0a*
atezar,atezó,0a*
exagerar,exageró,0a*
chapar,chapó,0a*
vacar,vacó,0a*
descontrolar,descontroló,0a*
italianizar,italianizó,0a*
predominar,predominó,0a*
trepar,trepó,0a*
religar,religó,0a*
maniobrar,maniobró,0a*
replicar,replicó,0a*
retortijar,retortijó,0a*
rayar,rayó,0a*
cuadricular,cuadriculó,0a*
litar,litó,0a*
restaurar,restauró,0a*
emparrillar,emparrilló,0a*
desalentar,desalentó,0a*
reforestar,reforestó,0a*
venerar,veneró,0a*
refractar,refractó,0a*
duchar,duchó,0a*
esterificar,esterificó,0a*
bifurcar,bifurcó,0a*
chamuyar,chamuyó,0a*
apalizar,apalizó,0a*
resonar,resonó,0a*
sobrar,sobró,0a*
triptongar,triptongó,0a*
eclosionar,eclosionó,0a*
receptar,receptó,0a*
ratonar,ratonó,0a*
encorsetar,encorsetó,0a*
segmentar,segmentó,0a*
peritar,peritó,0a*
rajuñar,rajuñó,0a*
dimensionar,dimensionó,0a*
repollar,repolló,0a*
ahormar,ahormó,0a*
dominar,dominó,0a*
hipotetizar,hipotetizó,0a*
bufar,bufó,0a*
puntar,puntó,0a*
aherrojar,aherrojó,0a*
frizar,frizó,0a*
afanar,afanó,0a*
atemorizar,atemorizó,0a*
izar,izó,0a*
desarreglar,desarregló,0a*
redactar,redactó,0a*
escobillar,escobilló,0a*
tarar,taró,0a*
desparpajar,desparpajó,0a*
costar,costó,0a*
perjurar,perjuró,0a*
santificar,santificó,0a*
externalizar,externalizó,0a*
peregrinar,peregrinó,0a*
lacerar,laceró,0a*
cultivar,cultivó,0a*
retoñar,retoñó,0a*
enyerbar,enyerbó,0a*
empavar,empavó,0a*
reestilizar,reestilizó,0a*
ponderar,ponderó,0a*
citar,citó,0a*
despolvar,despolvó,0a*
cautivar,cautivó,0a*
pignorar,pignoró,0a*
imantar,imantó,0a*
desgubernamentalizar,desgubernamentalizó,0a*
ahuyentar,ahuyentó,0a*
arrebujar,arrebujó,0a*
imprimar,imprimó,0a*
adivinar,adivinó,0a*
apartar,apartó,0a*
modularizar,modularizó,0a*
leudar,leudó,0a*
apiolar,apioló,0a*
invalidar,invalidó,0a*
sambenitar,sambenitó,0a*
darlusar,darlusó,0a*
apilar,apiló,0a*
embolsillar,embolsilló,0a*
desoccidentalizar,desoccidentalizó,0a*
abundar,abundó,0a*
yerar,yeró,0a*
recalentar,recalentó,0a*
frenar,frenó,0a*
jubilar,jubiló,0a*
obstar,obstó,0a*
dolarizar,dolarizó,0a*
aquilatar,aquilató,0a*
aggiornar,aggiornó,0a*
vacacionar,vacacionó,0a*
formalizar,formalizó,0a*
desesperar,desesperó,0a*
tragar,tragó,0a*
protestar,protestó,0a*
precargar,precargó,0a*
tentar,tentó,0a*
despiezar,despiezó,0a*
sacralizar,sacralizó,0a*
currar,curró,0a*
electrocutar,electrocutó,0a*
divinizar,divinizó,0a*
condecorar,condecoró,0a*
internar,internó,0a*
permeabilizar,permeabilizó,0a*
encorvar,encorvó,0a*
acaramelar,acarameló,0a*
conquistar,conquistó,0a*
refregar,refregó,0a*
llamar,llamó,0a*
encimar,encimó,0a*
entallar,entalló,0a*
escarapelar,escarapeló,0a*
hidrogenar,hidrogenó,0a*
acompañar,acompañó,0a*
peraltar,peraltó,0a*
desapalancar,desapalancó,0a*
revalorizar,revalorizó,0a*
merendar,merendó,0a*
marcar,marcó,0a*
utilizar,utilizó,0a*
ensañar,ensañó,0a*
digitalizar,digitalizó,0a*
criminalizar,criminalizó,0a*
sumar,sumó,0a*
reservar,reservó,0a*
reinstitucionalizar,reinstitucionalizó,0a*
desembarcar,desembarcó,0a*
electrizar,electrizó,0a*
arengar,arengó,0a*
escalentar,escalentó,0a*
revisionar,revisionó,0a*
escrupulizar,escrupulizó,0a*
recompensar,recompensó,0a*
usurpar,usurpó,0a*
espumar,espumó,0a*
desmandar,desmandó,0a*
traspirar,traspiró,0a*
acribillar,acribilló,0a*
estatizar,estatizó,0a*
sementar,sementó,0a*
amistar,amistó,0a*
registrar,registró,0a*
aterrar,aterró,0a*
abanderizar,abanderizó,0a*
paralelar,paraleló,0a*
apachar,apachó,0a*
succionar,succionó,0a*
constelar,consteló,0a*
mostrar,mostró,0a*
emborronar,emborronó,0a*
mentalizar,mentalizó,0a*
simpatizar,simpatizó,0a*
sepultar,sepultó,0a*
desentrañar,desentrañó,0a*
carnetizar,carnetizó,0a*
biosintetizar,biosintetizó,0a*
desorejar,desorejó,0a*
lateralizar,lateralizó,0a*
despeinar,despeinó,0a*
exultar,exultó,0a*
desacoplar,desacopló,0a*
reprogramar,reprogramó,0a*
decodificar,decodificó,0a*
trasudar,trasudó,0a*
escobar,escobó,0a*
fracturar,fracturó,0a*
ordenar,ordenó,0a*
encasquetar,encasquetó,0a*
vendar,vendó,0a*
desosegar,desosegó,0a*
expectorar,expectoró,0a*
entrar,entró,0a*
brillar,brilló,0a*
errar,erró,0a*
enfoscar,enfoscó,0a*
encharcar,encharcó,0a*
alevantar,alevantó,0a*
tiritar,tiritó,0a*
metaforizar,metaforizó,0a*
escoltar,escoltó,0a*
luxar,luxó,0a*
optimar,optimó,0a*
convulsionar,convulsionó,0a*
atusar,atusó,0a*
subrogar,subrogó,0a*
faenar,faenó,0a*
medicinar,medicinó,0a*
durar,duró,0a*
agonizar,agonizó,0a*
normativizar,normativizó,0a*
quietar,quietó,0a*
amilanar,amilanó,0a*
colar,coló,0a*
traccionar,traccionó,0a*
cesar,cesó,0a*
apocar,apocó,0a*
embarullar,embarulló,0a*
imposibilitar,imposibilitó,0a*
cabestrar,cabestró,0a*
contrapesar,contrapesó,0a*
republicar,republicó,0a*
preagrupar,preagrupó,0a*
brindar,brindó,0a*
prealimentar,prealimentó,0a*
adular,aduló,0a*
granular,granuló,0a*
sazonar,sazonó,0a*
organizar,organizó,0a*
eterizar,eterizó,0a*
reasfaltar,reasfaltó,0a*
regularizar,regularizó,0a*
memorizar,memorizó,0a*
enarbolar,enarboló,0a*
trepidar,trepidó,0a*
hermanar,hermanó,0a*
exacerbar,exacerbó,0a*
estañar,estañó,0a*
antepagar,antepagó,0a*
crucificar,crucificó,0a*
retrocar,retrocó,0a*
coanimar,coanimó,0a*
asegurar,aseguró,0a*
desestimular,desestimuló,0a*
castrar,castró,0a*
folgar,folgó,0a*
hacendar,hacendó,0a*
prosternar,prosternó,0a*
esputar,esputó,0a*
testificar,testificó,0a*
amplificar,amplificó,0a*
desarenar,desarenó,0a*
solubilizar,solubilizó,0a*
acidular,aciduló,0a*
abotonar,abotonó,0a*
chachar,chachó,0a*
desensillar,desensilló,0a*
estornudar,estornudó,0a*
deshelar,desheló,0a*
cilindrar,cilindró,0a*
enervar,enervó,0a*
diagramar,diagramó,0a*
rehogar,rehogó,0a*
desjarretar,desjarretó,0a*
preenvasar,preenvasó,0a*
microperforar,microperforó,0a*
animalizar,animalizó,0a*
infestar,infestó,0a*
saturar,saturó,0a*
repulsar,repulsó,0a*
execrar,execró,0a*
desmitificar,desmitificó,0a*
precomprar,precompró,0a*
explotar,explotó,0a*
estrenar,estrenó,0a*
lacar,lacó,0a*
sobrellenar,sobrellenó,0a*
tutelar,tuteló,0a*
encontrar,encontró,0a*
alambicar,alambicó,0a*
erradicar,erradicó,0a*
deshojar,deshojó,0a*
besar,besó,0a*
embriagar,embriagó,0a*
aguzar,aguzó,0a*
desabrochar,desabrochó,0a*
comentar,comentó,0a*
elucidar,elucidó,0a*
congestionar,congestionó,0a*
plurinacionalizar,plurinacionalizó,0a*
denudar,denudó,0a*
inocular,inoculó,0a*
sectorizar,sectorizó,0a*
americanizar,americanizó,0a*
fijar,fijó,0a*
melar,meló,0a*
multiplexar,multiplexó,0a*
estallar,estalló,0a*
maquinar,maquinó,0a*
reajustar,reajustó,0a*
descasar,descasó,0a*
desactualizar,desactualizó,0a*
carbonizar,carbonizó,0a*
elijar,elijó,0a*
minorar,minoró,0a*
desbastar,desbastó,0a*
escudriñar,escudriñó,0a*
reequilibrar,reequilibró,0a*
audicionar,audicionó,0a*
desembocar,desembocó,0a*
profugar,profugó,0a*
desbandar,desbandó,0a*
recategorizar,recategorizó,0a*
desagotar,desagotó,0a*
ecualizar,ecualizó,0a*
enrasar,enrasó,0a*
abastardar,abastardó,0a*
candidatar,candidató,0a*
embolsar,embolsó,0a*
recalendarizar,recalendarizó,0a*
vetar,vetó,0a*
alijarar,alijaró,0a*
reenvasar,reenvasó,0a*
llevar,llevó,0a*
isomerizar,isomerizó,0a*
escombrar,escombró,0a*
desazonar,desazonó,0a*
opacar,opacó,0a*
atorar,atoró,0a*
traspasar,traspasó,0a*
guadañar,guadañó,0a*
fallar,falló,0a*
desplantar,desplantó,0a*
inhalar,inhaló,0a*
acusar,acusó,0a*
copipegar,copipegó,0a*
entrecortar,entrecortó,0a*
enhornar,enhornó,0a*
petar,petó,0a*
excitar,excitó,0a*
preinstalar,preinstaló,0a*
traficar,traficó,0a*
sinterizar,sinterizó,0a*
alegrar,alegró,0a*
amigar,amigó,0a*
machar,machó,0a*
manchar,manchó,0a*
cubicar,cubicó,0a*
sigilar,sigiló,0a*
acotolar,acotoló,0a*
empeñar,empeñó,0a*
horrorizar,horrorizó,0a*
concentrar,concentró,0a*
reformar,reformó,0a*
resquebrar,resquebró,0a*
engrosar,engrosó,0a*
agachar,agachó,0a*
deshinchar,deshinchó,0a*
pregar,pregó,0a*
encabronar,encabronó,0a*
antologizar,antologizó,0a*
añorar,añoró,0a*
desclasificar,desclasificó,0a*
psicoanalizar,psicoanalizó,0a*
escorzar,escorzó,0a*
despilfarrar,despilfarró,0a*
legalizar,legalizó,0a*
azufrar,azufró,0a*
descerrajar,descerrajó,0a*
preformar,preformó,0a*
regimentar,regimentó,0a*
desacreditar,desacreditó,0a*
fecundar,fecundó,0a*
entrujar,entrujó,0a*
anular,anuló,0a*
destorvar,destorvó,0a*
alistar,alistó,0a*
enroscar,enroscó,0a*
desconcertar,desconcertó,0a*
apedrar,apedró,0a*
lavar,lavó,0a*
cuidar,cuidó,0a*
enchufar,enchufó,0a*
reprocesar,reprocesó,0a*
ahitar,ahitó,0a*
descargar,descargó,0a*
sangrar,sangró,0a*
acuñar,acuñó,0a*
renombrar,renombró,0a*
degollar,degolló,0a*
lechar,lechó,0a*
eructar,eructó,0a*
desaprovechar,desaprovechó,0a*
condesar,condesó,0a*
significar,significó,0a*
agostar,agostó,0a*
apuntar,apuntó,0a*
orillar,orilló,0a*
molar,moló,0a*
agrumar,agrumó,0a*
aproximar,aproximó,0a*
ronzar,ronzó,0a*
innovar,innovó,0a*
sanitizar,sanitizó,0a*
frivolizar,frivolizó,0a*
atomizar,atomizó,0a*
resignar,resignó,0a*
hostilizar,hostilizó,0a*
inervar,inervó,0a*
cuitar,cuitó,0a*
mimar,mimó,0a*
anihilar,anihiló,0a*
encenizar,encenizó,0a*
solucionar,solucionó,0a*
espulgar,espulgó,0a*
pirograbar,pirograbó,0a*
sacar,sacó,0a*
murar,muró,0a*
elongar,elongó,0a*
examinar,examinó,0a*
festejar,festejó,0a*
coaccionar,coaccionó,0a*
abrogar,abrogó,0a*
vagar,vagó,0a*
reasentar,reasentó,0a*
teletrabajar,teletrabajó,0a*
reflotar,reflotó,0a*
sonar,sonó,0a*
gastar,gastó,0a*
mascar,mascó,0a*
complotar,complotó,0a*
focalizar,focalizó,0a*
abastar,abastó,0a*
nominalizar,nominalizó,0a*
salar,saló,0a*
entintar,entintó,0a*
apencar,apencó,0a*
majar,majó,0a*
desmedrar,desmedró,0a*
revacunar,revacunó,0a*
capitalizar,capitalizó,0a*
reaprovechar,reaprovechó,0a*
sancionar,sancionó,0a*
sextuplicar,sextuplicó,0a*
dificultar,dificultó,0a*
reconsagrar,reconsagró,0a*
reinstalar,reinstaló,0a*
indultar,indultó,0a*
manifestar,manifestó,0a*
enfardar,enfardó,0a*
europeizar,europeizó,0a*
ministerializar,ministerializó,0a*
retipificar,retipificó,0a*
suplementar,suplementó,0a*
incursionar,incursionó,0a*
adujar,adujó,0a*
repelar,repeló,0a*
congratular,congratuló,0a*
forjar,forjó,0a*
azolvar,azolvó,0a*
fustigar,fustigó,0a*
sutilizar,sutilizó,0a*
despampanar,despampanó,0a*
argumentar,argumentó,0a*
encunetar,encunetó,0a*
blasfemar,blasfemó,0a*
fecundizar,fecundizó,0a*
lazar,lazó,0a*
robar,robó,0a*
catequizar,catequizó,0a*
atufar,atufó,0a*
despelotar,despelotó,0a*
concientizar,concientizó,0a*
incentivar,incentivó,0a*
desentubar,desentubó,0a*
embargar,embargó,0a*
inflacionar,inflacionó,0a*
arribar,arribó,0a*
acairelar,acaireló,0a*
destripar,destripó,0a*
disturbar,disturbó,0a*
jugar,jugó,0a*
grillar,grilló,0a*
enmarrocar,enmarrocó,0a*
enrolar,enroló,0a*
airar,airó,0a*
pinchar,pinchó,0a*
alechugar,alechugó,0a*
encomenzar,encomenzó,0a*
esterilizar,esterilizó,0a*
trincar,trincó,0a*
halagar,halagó,0a*
perlar,perló,0a*
ensebar,ensebó,0a*
prensar,prensó,0a*
ubicar,ubicó,0a*
indignar,indignó,0a*
instar,instó,0a*
involucionar,involucionó,0a*
cobrar,cobró,0a*
encalabrinar,encalabrinó,0a*
descartar,descartó,0a*
mancar,mancó,0a*
azular,azuló,0a*
represar,represó,0a*
homologar,homologó,0a*
rasmillar,rasmilló,0a*
demodular,demoduló,0a*
desembrujar,desembrujó,0a*
estirar,estiró,0a*
adentrar,adentró,0a*
oliscar,oliscó,0a*
preservar,preservó,0a*
transparentar,transparentó,0a*
encrespar,encrespó,0a*
descertificar,descertificó,0a*
garpar,garpó,0a*
cooperar,cooperó,0a*
aparcar,aparcó,0a*
desatascar,desatascó,0a*
ajuntar,ajuntó,0a*
pensar,pensó,0a*
empecinar,empecinó,0a*
medrar,medró,0a*
aprobar,aprobó,0a*
merengar,merengó,0a*
desguinzar,desguinzó,0a*
revesar,revesó,0a*
encabezar,encabezó,0a*
desfalcar,desfalcó,0a*
reprochar,reprochó,0a*
alambrar,alambró,0a*
abatojar,abatojó,0a*
reconfortar,reconfortó,0a*
encalzar,encalzó,0a*
interrelacionar,interrelacionó,0a*
profesionalizar,profesionalizó,0a*
capacitar,capacitó,0a*
anquilosar,anquilosó,0a*
tornar,tornó,0a*
acorralar,acorraló,0a*
desfondar,desfondó,0a*
pincelar,pinceló,0a*
delatar,delató,0a*
conjuntar,conjuntó,0a*
yermar,yermó,0a*
orificar,orificó,0a*
furtar,furtó,0a*
rebajar,rebajó,0a*
sodomizar,sodomizó,0a*
desatar,desató,0a*
acuchillar,acuchilló,0a*
arregazar,arregazó,0a*
impermeabilizar,impermeabilizó,0a*
recomendar,recomendó,0a*
mistificar,mistificó,0a*
almidonar,almidonó,0a*
habilitar,habilitó,0a*
eclipsar,eclipsó,0a*
politizar,politizó,0a*
aminorar,aminoró,0a*
mexicanizar,mexicanizó,0a*
apuntillar,apuntilló,0a*
amasar,amasó,0a*
trozar,trozó,0a*
ingresar,ingresó,0a*
abortar,abortó,0a*
aplicar,aplicó,0a*
reexaminar,reexaminó,0a*
coprotagonizar,coprotagonizó,0a*
comercializar,comercializó,0a*
lanzar,lanzó,0a*
informatizar,informatizó,0a*
desintoxicar,desintoxicó,0a*
hartar,hartó,0a*
falsificar,falsificó,0a*
sobreestimar,sobreestimó,0a*
evocar,evocó,0a*
postrar,postró,0a*
redireccionar,redireccionó,0a*
desregularizar,desregularizó,0a*
anublar,anubló,0a*
reconcentrar,reconcentró,0a*
previsualizar,previsualizó,0a*
malograr,malogró,0a*
repautar,repautó,0a*
sobredimensionar,sobredimensionó,0a*
sospechar,sospechó,0a*
brizar,brizó,0a*
reestrenar,reestrenó,0a*
condonar,condonó,0a*
inmatricular,inmatriculó,0a*
pavonar,pavonó,0a*
mercerizar,mercerizó,0a*
socarrar,socarró,0a*
amartelar,amarteló,0a*
convalidar,convalidó,0a*
hisopar,hisopó,0a*
regoldar,regoldó,0a*
engrandar,engrandó,0a*
rellenar,rellenó,0a*
abeldar,abeldó,0a*
levitar,levitó,0a*
palmar,palmó,0a*
desmontar,desmontó,0a*
redensificar,redensificó,0a*
remedar,remedó,0a*
usar,usó,0a*
desgravar,desgravó,0a*
reiterar,reiteró,0a*
soldar,soldó,0a*
revisitar,revisitó,0a*
enjalmar,enjalmó,0a*
formar,formó,0a*
amarar,amaró,0a*
estozolar,estozoló,0a*
enladrillar,enladrilló,0a*
maridar,maridó,0a*
dosificar,dosificó,0a*
restregar,restregó,0a*
consejar,consejó,0a*
arrendar,arrendó,0a*
inmutar,inmutó,0a*
adehesar,adehesó,0a*
reatar,reató,0a*
repensar,repensó,0a*
macular,maculó,0a*
prosperar,prosperó,0a*
computarizar,computarizó,0a*
apalancar,apalancó,0a*
liderizar,liderizó,0a*
externar,externó,0a*
discursar,discursó,0a*
resobar,resobó,0a*
configurar,configuró,0a*
restructurar,restructuró,0a*
divagar,divagó,0a*
explosionar,explosionó,0a*
exterminar,exterminó,0a*
desmembrar,desmembró,0a*
amelcochar,amelcochó,0a*
alertar,alertó,0a*
recurvar,recurvó,0a*
bosar,bosó,0a*
aflojar,aflojó,0a*
desapasionar,desapasionó,0a*
fechar,fechó,0a*
deshonorar,deshonoró,0a*
educar,educó,0a*
reubicar,reubicó,0a*
amotinar,amotinó,0a*
bailar,bailó,0a*
transar,transó,0a*
nixtamalizar,nixtamalizó,0a*
relanzar,relanzó,0a*
encaramar,encaramó,0a*
jimar,jimó,0a*
aventajar,aventajó,0a*
emigrar,emigró,0a*
tonificar,tonificó,0a*
reformular,reformuló,0a*
memorializar,memorializó,0a*
abonar,abonó,0a*
achantar,achantó,0a*
trabucar,trabucó,0a*
deflactar,deflactó,0a*
avalentar,avalentó,0a*
obliterar,obliteró,0a*
desamarrar,desamarró,0a*
occidentalizar,occidentalizó,0a*
regionalizar,regionalizó,0a*
acremar,acremó,0a*
inaugurar,inauguró,0a*
fragmentar,fragmentó,0a*
intrusar,intrusó,0a*
nominar,nominó,0a*
barajar,barajó,0a*
tocar,tocó,0a*
aburujar,aburujó,0a*
melgar,melgó,0a*
engrudar,engrudó,0a*
estereotipar,estereotipó,0a*
simplificar,simplificó,0a*
desminar,desminó,0a*
resaltar,resaltó,0a*
enojar,enojó,0a*
alternar,alternó,0a*
reincorporar,reincorporó,0a*
remixar,remixó,0a*
investigar,investigó,0a*
enrielar,enrieló,0a*
biofortificar,biofortificó,0a*
aguardar,aguardó,0a*
desencerrar,desencerró,0a*
invitar,invitó,0a*
tronar,tronó,0a*
desconsolar,desconsoló,0a*
espiritualizar,espiritualizó,0a*
apiñar,apiñó,0a*
barbotar,barbotó,0a*
amancillar,amancilló,0a*
complicar,complicó,0a*
gravar,gravó,0a*
encapuchar,encapuchó,0a*
atragantar,atragantó,0a*
amenizar,amenizó,0a*
achuchar,achuchó,0a*
insonorizar,insonorizó,0a*
apegar,apegó,0a*
cincelar,cinceló,0a*
arromar,arromó,0a*
embocar,embocó,0a*
reciclar,recicló,0a*
empañar,empañó,0a*
adelgazar,adelgazó,0a*
presupuestar,presupuestó,0a*
ultracentrifugar,ultracentrifugó,0a*
desbocar,desbocó,0a*
arrodillar,arrodilló,0a*
respirar,respiró,0a*
atemperar,atemperó,0a*
restallar,restalló,0a*
colisionar,colisionó,0a*
aplanchar,aplanchó,0a*
reeducar,reeducó,0a*
candidatizar,candidatizó,0a*
emputar,emputó,0a*
confrontar,confrontó,0a*
cagar,cagó,0a*
preponderar,preponderó,0a*
laxar,laxó,0a*
recesar,recesó,0a*
desmotivar,desmotivó,0a*
masculinizar,masculinizó,0a*
embanderar,embanderó,0a*
escaramuzar,escaramuzó,0a*
augurar,auguró,0a*
tascar,tascó,0a*
visitar,visitó,0a*
mencionar,mencionó,0a*
despanzurrar,despanzurró,0a*
ayuntar,ayuntó,0a*
carburar,carburó,0a*
intersectar,intersectó,0a*
implantar,implantó,0a*
intricar,intricó,0a*
sacramentar,sacramentó,0a*
desafinar,desafinó,0a*
dibujar,dibujó,0a*
confederar,confederó,0a*
respetar,respetó,0a*
ameritar,ameritó,0a*
enchuecar,enchuecó,0a*
escodar,escodó,0a*
esvarar,esvaró,0a*
despotizar,despotizó,0a*
escotar,escotó,0a*
empastar,empastó,0a*
decapitar,decapitó,0a*
cotejar,cotejó,0a*
reflejar,reflejó,0a*
celar,celó,0a*
aplatanar,aplatanó,0a*
caucionar,caucionó,0a*
morar,moró,0a*
bojar,bojó,0a*
reingresar,reingresó,0a*
graznar,graznó,0a*
restañar,restañó,0a*
intergradar,intergradó,0a*
moderar,moderó,0a*
justar,justó,0a*
desoxigenar,desoxigenó,0a*
desprecintar,desprecintó,0a*
fedatar,fedató,0a*
comunitarizar,comunitarizó,0a*
araucanizar,araucanizó,0a*
sobregrabar,sobregrabó,0a*
tallar,talló,0a*
solidificar,solidificó,0a*
sopar,sopó,0a*
predestinar,predestinó,0a*
descompensar,descompensó,0a*
esguazar,esguazó,0a*
desinteresar,desinteresó,0a*
amalgamar,amalgamó,0a*
defosforilar,defosforiló,0a*
reciprocar,reciprocó,0a*
autogobernar,autogobernó,0a*
rielar,rieló,0a*
municipalizar,municipalizó,0a*
soliviantar,soliviantó,0a*
ciberacosar,ciberacosó,0a*
epatar,epató,0a*
amoblar,amobló,0a*
upar,upó,0a*
marrar,marró,0a*
estruchar,estruchó,0a*
azogar,azogó,0a*
trasmontar,trasmontó,0a*
etoxilar,etoxiló,0a*
allanar,allanó,0a*
encumbrar,encumbró,0a*
aborregar,aborregó,0a*
figurar,figuró,0a*
guisar,guisó,0a*
reforzar,reforzó,0a*
constar,constó,0a*
geminar,geminó,0a*
plantar,plantó,0a*
refrenar,refrenó,0a*
abemolar,abemoló,0a*
extirpar,extirpó,0a*
uruguayizar,uruguayizó,0a*
pesar,pesó,0a*
abombar,abombó,0a*
galvanizar,galvanizó,0a*
prepagar,prepagó,0a*
internacionalizar,internacionalizó,0a*
engordar,engordó,0a*
descolonizar,descolonizó,0a*
enflacar,enflacó,0a*
enjambrar,enjambró,0a*
recontextualizar,recontextualizó,0a*
sancochar,sancochó,0a*
transvasar,transvasó,0a*
castigar,castigó,0a*
cimar,cimó,0a*
sobrealimentar,sobrealimentó,0a*
irrigar,irrigó,0a*
colaborar,colaboró,0a*
prendar,prendó,0a*
cuadrar,cuadró,0a*
hollar,holló,0a*
desconchar,desconchó,0a*
asimilar,asimiló,0a*
desenfocar,desenfocó,0a*
memorar,memoró,0a*
labializar,labializó,0a*
bancarizar,bancarizó,0a*
arrempujar,arrempujó,0a*
equiparar,equiparó,0a*
recodificar,recodificó,0a*
aberrar,aberró,0a*
arropar,arropó,0a*
blasonar,blasonó,0a*
escoñar,escoñó,0a*
punchar,punchó,0a*
anarquizar,anarquizó,0a*
escardar,escardó,0a*
privar,privó,0a*
bochar,bochó,0a*
materializar,materializó,0a*
identificar,identificó,0a*
secuestrar,secuestró,0a*
conhortar,conhortó,0a*
estrellar,estrelló,0a*
estafar,estafó,0a*
turboalimentar,turboalimentó,0a*
esclerosar,esclerosó,0a*
amojonar,amojonó,0a*
desairar,desairó,0a*
signar,signó,0a*
aerotransportar,aerotransportó,0a*
vacunar,vacunó,0a*
arponar,arponó,0a*
prenasalizar,prenasalizó,0a*
astillar,astilló,0a*
inejecutar,inejecutó,0a*
zuzar,zuzó,0a*
musealizar,musealizó,0a*
desapegar,desapegó,0a*
encopetar,encopetó,0a*
encerrar,encerró,0a*
desencorvar,desencorvó,0a*
semblar,sembló,0a*
testar,testó,0a*
asturianizar,asturianizó,0a*
arrebatar,arrebató,0a*
pernoctar,pernoctó,0a*
visionar,visionó,0a*
laicizar,laicizó,0a*
contar,contó,0a*
vivificar,vivificó,0a*
horripilar,horripiló,0a*
engominar,engominó,0a*
empellar,empelló,0a*
callar,calló,0a*
arrinconar,arrinconó,0a*
inmunizar,inmunizó,0a*
ruborizar,ruborizó,0a*
estilar,estiló,0a*
multar,multó,0a*
escrutar,escrutó,0a*
deputar,deputó,0a*
cautelar,cauteló,0a*
entramar,entramó,0a*
aullar,aulló,0a*
elucubrar,elucubró,0a*
fosfatar,fosfató,0a*
malacostumbrar,malacostumbró,0a*
empanizar,empanizó,0a*
perdigar,perdigó,0a*
posesionar,posesionó,0a*
minar,minó,0a*
menoscabar,menoscabó,0a*
amonestar,amonestó,0a*
mochar,mochó,0a*
depositar,depositó,0a*
aforar,aforó,0a*
adulterar,adulteró,0a*
timbrar,timbró,0a*
sindicalizar,sindicalizó,0a*
empatar,empató,0a*
metastizar,metastizó,0a*
desbarrar,desbarró,0a*
trasegar,trasegó,0a*
deflorar,defloró,0a*
redundar,redundó,0a*
linchar,linchó,0a*
emplumar,emplumó,0a*
descalzar,descalzó,0a*
economizar,economizó,0a*
aterrorizar,aterrorizó,0a*
alfalfar,alfalfó,0a*
dezmar,dezmó,0a*
acetar,acetó,0a*
preconfigurar,preconfiguró,0a*
aclimatar,aclimató,0a*
aproblemar,aproblemó,0a*
ayunar,ayunó,0a*
regocijar,regocijó,0a*
escabechar,escabechó,0a*
precompilar,precompiló,0a*
lograr,logró,0a*
entrabar,entrabó,0a*
binar,binó,0a*
circundar,circundó,0a*
atracar,atracó,0a*
osificar,osificó,0a*
subvirar,subviró,0a*
cuchar,cuchó,0a*
esquinar,esquinó,0a*
corlar,corló,0a*
desbaratar,desbarató,0a*
trasparentar,trasparentó,0a*
reunificar,reunificó,0a*
derivar,derivó,0a*
vandalizar,vandalizó,0a*
desnucar,desnucó,0a*
engomar,engomó,0a*
trasluchar,trasluchó,0a*
envenenar,envenenó,0a*
elaborar,elaboró,0a*
dragar,dragó,0a*
coquificar,coquificó,0a*
anchar,anchó,0a*
desempaquetar,desempaquetó,0a*
agudizar,agudizó,0a*
sedimentar,sedimentó,0a*
decuplar,decupló,0a*
pixelar,pixeló,0a*
repostar,repostó,0a*
fumar,fumó,0a*
canonizar,canonizó,0a*
enmallar,enmalló,0a*
transbordar,transbordó,0a*
fincar,fincó,0a*
editorializar,editorializó,0a*
ortigar,ortigó,0a*
gargarizar,gargarizó,0a*
cohesionar,cohesionó,0a*
descolgar,descolgó,0a*
enchinar,enchinó,0a*
tamizar,tamizó,0a*
mentar,mentó,0a*
adormilar,adormiló,0a*
consignar,consignó,0a*
interaccionar,interaccionó,0a*
desincentivar,desincentivó,0a*
profesar,profesó,0a*
coaligar,coaligó,0a*
reinsertar,reinsertó,0a*
trasformar,trasformó,0a*
supervisar,supervisó,0a*
abacorar,abacoró,0a*
grabar,grabó,0a*
descarapelar,descarapeló,0a*
sobreasar,sobreasó,0a*
rearmar,rearmó,0a*
efectivizar,efectivizó,0a*
aportar,aportó,0a*
aquejar,aquejó,0a*
malquistar,malquistó,0a*
champurrar,champurró,0a*
gravitar,gravitó,0a*
desemborrachar,desemborrachó,0a*
reencaminar,reencaminó,0a*
concadenar,concadenó,0a*
africanizar,africanizó,0a*
ruinar,ruinó,0a*
traumatizar,traumatizó,0a*
acobijar,acobijó,0a*
apriscar,apriscó,0a*
euscaldunizar,euscaldunizó,0a*
seleccionar,seleccionó,0a*
anclar,ancló,0a*
remodelar,remodeló,0a*
desubicar,desubicó,0a*
desmarcar,desmarcó,0a*
impactar,impactó,0a*
recolectar,recolectó,0a*
alucinar,alucinó,0a*
atizar,atizó,0a*
ensecar,ensecó,0a*
relativizar,relativizó,0a*
adobar,adobó,0a*
repavimentar,repavimentó,0a*
vacilar,vaciló,0a*
desmesurar,desmesuró,0a*
descachimbar,descachimbó,0a*
computerizar,computerizó,0a*
turbocargar,turbocargó,0a*
irrogar,irrogó,0a*
dictar,dictó,0a*
nimbar,nimbó,0a*
emanar,emanó,0a*
aspirar,aspiró,0a*
desenojar,desenojó,0a*
apedazar,apedazó,0a*
autopublicar,autopublicó,0a*
sobreexplotar,sobreexplotó,0a*
arrumbar,arrumbó,0a*
escavar,escavó,0a*
peronizar,peronizó,0a*
asentar,asentó,0a*
parcializar,parcializó,0a*
previsionar,previsionó,0a*
concursar,concursó,0a*
plisar,plisó,0a*
desovar,desovó,0a*
cubijar,cubijó,0a*
conturbar,conturbó,0a*
chuzar,chuzó,0a*
cicatrizar,cicatrizó,0a*
conectar,conectó,0a*
enlutar,enlutó,0a*
instrumentar,instrumentó,0a*
desionizar,desionizó,0a*
apretujar,apretujó,0a*
tergiversar,tergiversó,0a*
castellanizar,castellanizó,0a*
pontificar,pontificó,0a*
atarugar,atarugó,0a*
latinizar,latinizó,0a*
transistorizar,transistorizó,0a*
translocar,translocó,0a*
apayasar,apayasó,0a*
contusionar,contusionó,0a*
circunnavegar,circunnavegó,0a*
favelizar,favelizó,0a*
baremar,baremó,0a*
envigar,envigó,0a*
aruñar,aruñó,0a*
embrollar,embrolló,0a*
apañar,apañó,0a*
alimentar,alimentó,0a*
colmatar,colmató,0a*
activar,activó,0a*
tropicalizar,tropicalizó,0a*
pregustar,pregustó,0a*
caducar,caducó,0a*
lesionar,lesionó,0a*
refinar,refinó,0a*
compartimentalizar,compartimentalizó,0a*
purpurar,purpuró,0a*
empachar,empachó,0a*
centralizar,centralizó,0a*
puñar,puñó,0a*
desmonetizar,desmonetizó,0a*
academizar,academizó,0a*
reedificar,reedificó,0a*
cromar,cromó,0a*
cohechar,cohechó,0a*
involucrar,involucró,0a*
triangular,trianguló,0a*
trucidar,trucidó,0a*
inquietar,inquietó,0a*
desaforar,desaforó,0a*
amartillar,amartilló,0a*
marinar,marinó,0a*
añublar,añubló,0a*
tildar,tildó,0a*
amaestrar,amaestró,0a*
empelar,empeló,0a*
derechizar,derechizó,0a*
desnatar,desnató,0a*
colgar,colgó,0a*
halar,haló,0a*
garchar,garchó,0a*
emproblemar,emproblemó,0a*
afilar,afiló,0a*
erosionar,erosionó,0a*
arreglar,arregló,0a*
entronizar,entronizó,0a*
afiligranar,afiligranó,0a*
precalentar,precalentó,0a*
condensar,condensó,0a*
narcotizar,narcotizó,0a*
embastar,embastó,0a*
emparentar,emparentó,0a*
envergonzar,envergonzó,0a*
afeitar,afeitó,0a*
hurtar,hurtó,0a*
observar,observó,0a*
hispanizar,hispanizó,0a*
reanudar,reanudó,0a*
ridiculizar,ridiculizó,0a*
encuartelar,encuarteló,0a*
disfrazar,disfrazó,0a*
remangar,remangó,0a*
doblar,dobló,0a*
regrabar,regrabó,0a*
discriminar,discriminó,0a*
desmochar,desmochó,0a*
trasplantar,trasplantó,0a*
calentar,calentó,0a*
atornillar,atornilló,0a*
condenar,condenó,0a*
empitonar,empitonó,0a*
intensificar,intensificó,0a*
traslapar,traslapó,0a*
vibrar,vibró,0a*
decomisionar,decomisionó,0a*
peñizcar,peñizcó,0a*
arramplar,arrampló,0a*
desertar,desertó,0a*
blocar,blocó,0a*
chinchar,chinchó,0a*
momificar,momificó,0a*
salpresar,salpresó,0a*
fintar,fintó,0a*
versionar,versionó,0a*
desembarrancar,desembarrancó,0a*
emperifollar,emperifolló,0a*
augmentar,augmentó,0a*
coleccionar,coleccionó,0a*
rezar,rezó,0a*
entregar,entregó,0a*
abovedar,abovedó,0a*
culturar,culturó,0a*
ahorrar,ahorró,0a*
replegar,replegó,0a*
azorar,azoró,0a*
solazar,solazó,0a*
arruinar,arruinó,0a*
debelar,debeló,0a*
solemnizar,solemnizó,0a*
cuñar,cuñó,0a*
desempalmar,desempalmó,0a*
desclasar,desclasó,0a*
jibarizar,jibarizó,0a*
parangonar,parangonó,0a*
atortolar,atortoló,0a*
enfeudar,enfeudó,0a*
acaudillar,acaudilló,0a*
despicar,despicó,0a*
derrapar,derrapó,0a*
tramitar,tramitó,0a*
concelebrar,concelebró,0a*
aventar,aventó,0a*
aspar,aspó,0a*
barnizar,barnizó,0a*
mangar,mangó,0a*
nivelar,niveló,0a*
resacar,resacó,0a*
escuadronar,escuadronó,0a*
delegar,delegó,0a*
reembolsar,reembolsó,0a*
ilegalizar,ilegalizó,0a*
transportar,transportó,0a*
manducar,manducó,0a*
desobligar,desobligó,0a*
radicalizar,radicalizó,0a*
recapacitar,recapacitó,0a*
tusar,tusó,0a*
vituperar,vituperó,0a*
intimidar,intimidó,0a*
metodizar,metodizó,0a*
esmerar,esmeró,0a*
descarbonatar,descarbonató,0a*
apresar,apresó,0a*
adversar,adversó,0a*
particularizar,particularizó,0a*
confortar,confortó,0a*
depauperar,depauperó,0a*
violar,violó,0a*
decepcionar,decepcionó,0a*
mamar,mamó,0a*
despenar,despenó,0a*
ejercitar,ejercitó,0a*
incriminar,incriminó,0a*
parametrar,parametró,0a*
desbarrancar,desbarrancó,0a*
anegar,anegó,0a*
desconfinar,desconfinó,0a*
capotar,capotó,0a*
decapar,decapó,0a*
devanar,devanó,0a*
oficializar,oficializó,0a*
pactar,pactó,0a*
tronchar,tronchó,0a*
prodigar,prodigó,0a*
prevaricar,prevaricó,0a*
encordar,encordó,0a*
indexar,indexó,0a*
colocar,colocó,0a*
resellar,reselló,0a*
trebejar,trebejó,0a*
sobrepoblar,sobrepobló,0a*
quebrar,quebró,0a*
amarrar,amarró,0a*
intubar,intubó,0a*
amueblar,amuebló,0a*
desenfundar,desenfundó,0a*
complementar,complementó,0a*
enflorar,enfloró,0a*
reinar,reinó,0a*
atropar,atropó,0a*
avizorar,avizoró,0a*
acuartelar,acuarteló,0a*
modernizar,modernizó,0a*
encarnar,encarnó,0a*
diezmar,diezmó,0a*
desainar,desainó,0a*
despepitar,despepitó,0a*
bizcar,bizcó,0a*
cursar,cursó,0a*
encatusar,encatusó,0a*
embolar,emboló,0a*
pugnar,pugnó,0a*
chamullar,chamulló,0a*
nasalizar,nasalizó,0a*
estacionar,estacionó,0a*
dilapidar,dilapidó,0a*
alzar,alzó,0a*
enrevesar,enrevesó,0a*
escorar,escoró,0a*
argentar,argentó,0a*
acondicionar,acondicionó,0a*
salivar,salivó,0a*
acobardar,acobardó,0a*
repletar,repletó,0a*
extrapolar,extrapoló,0a*
entresacar,entresacó,0a*
absolutizar,absolutizó,0a*
despertar,despertó,0a*
taquillar,taquilló,0a*
estimular,estimuló,0a*
refocilar,refociló,0a*
operativizar,operativizó,0a*
desenlazar,desenlazó,0a*
calmar,calmó,0a*
ladrar,ladró,0a*
movilizar,movilizó,0a*
aleatorizar,aleatorizó,0a*
regobernar,regobernó,0a*
pregonar,pregonó,0a*
señalar,señaló,0a*
despejar,despejó,0a*
controlar,controló,0a*
inactivar,inactivó,0a*
refanfinflar,refanfinfló,0a*
escusar,escusó,0a*
derrengar,derrengó,0a*
aforar,aforó,0a*
exudar,exudó,0a*
perfeccionar,perfeccionó,0a*
tranzar,tranzó,0a*
apisonar,apisonó,0a*
duplicar,duplicó,0a*
desconsiderar,desconsideró,0a*
yodurar,yoduró,0a*
vengar,vengó,0a*
aparejar,aparejó,0a*
masterizar,masterizó,0a*
descabalgar,descabalgó,0a*
dilucidar,dilucidó,0a*
desclavar,desclavó,0a*
embuchar,embuchó,0a*
desalinizar,desalinizó,0a*
vertebrar,vertebró,0a*
arrogar,arrogó,0a*
reconfigurar,reconfiguró,0a*
dictaminar,dictaminó,0a*
trastabillar,trastabilló,0a*
precautelar,precauteló,0a*
recitar,recitó,0a*
cimbrar,cimbró,0a*
empatizar,empatizó,0a*
satinar,satinó,0a*
hojaldrar,hojaldró,0a*
nitrificar,nitrificó,0a*
disfrutar,disfrutó,0a*
sensibilizar,sensibilizó,0a*
transfigurar,transfiguró,0a*
dispensar,dispensó,0a*
avocar,avocó,0a*
interoperar,interoperó,0a*
ilustrar,ilustró,0a*
cumular,cumuló,0a*
desertificar,desertificó,0a*
agujerar,agujeró,0a*
contornar,contornó,0a*
potencializar,potencializó,0a*
abroncar,abroncó,0a*
reenganchar,reenganchó,0a*
guindar,guindó,0a*
fortificar,fortificó,0a*
atravesar,atravesó,0a*
suplantar,suplantó,0a*
conllevar,conllevó,0a*
perpetrar,perpetró,0a*
embetunar,embetunó,0a*
contabilizar,contabilizó,0a*
temblar,tembló,0a*
cristianar,cristianó,0a*
acerar,aceró,0a*
hidratar,hidrató,0a*
edulcorar,edulcoró,0a*
quejar,quejó,0a*
desgobernar,desgobernó,0a*
desperar,desperó,0a*
desamparar,desamparó,0a*
rescaldar,rescaldó,0a*
atrasar,atrasó,0a*
vehiculizar,vehiculizó,0a*
texturizar,texturizó,0a*
pipar,pipó,0a*
aplastar,aplastó,0a*
misionar,misionó,0a*
laudar,laudó,0a*
atascar,atascó,0a*
arrullar,arrulló,0a*
algodonar,algodonó,0a*
abocar,abocó,0a*
sobrepujar,sobrepujó,0a*
acomplejar,acomplejó,0a*
genotipar,genotipó,0a*
derramar,derramó,0a*
acurrucar,acurrucó,0a*
abracar,abracó,0a*
vulgarizar,vulgarizó,0a*
propulsar,propulsó,0a*
ralbar,ralbó,0a*
expedicionar,expedicionó,0a*
horizontalizar,horizontalizó,0a*
anatematizar,anatematizó,0a*
ajardinar,ajardinó,0a*
desenclavar,desenclavó,0a*
exercitar,exercitó,0a*
bautizar,bautizó,0a*
preprogramar,preprogramó,0a*
puntualizar,puntualizó,0a*
ensopar,ensopó,0a*
encuerar,encueró,0a*
abribonar,abribonó,0a*
descerebrar,descerebró,0a*
endulzar,endulzó,0a*
sedentarizar,sedentarizó,0a*
confiscar,confiscó,0a*
exilar,exiló,0a*
razonar,razonó,0a*
trotar,trotó,0a*
prepintar,prepintó,0a*
tomar,tomó,0a*
comandar,comandó,0a*
malversar,malversó,0a*
follar,folló,0a*
rochar,rochó,0a*
embejucar,embejucó,0a*
encabar,encabó,0a*
hibernar,hibernó,0a*
desalar,desaló,0a*
asesorar,asesoró,0a*
desmayar,desmayó,0a*
quilatar,quilató,0a*
jalonar,jalonó,0a*
salpicar,salpicó,0a*
cegar,cegó,0a*
sobredeterminar,sobredeterminó,0a*
proyectar,proyectó,0a*
repintar,repintó,0a*
emascular,emasculó,0a*
provisionar,provisionó,0a*
desatentar,desatentó,0a*
desertizar,desertizó,0a*
retrepar,retrepó,0a*
topar,topó,0a*
descuartizar,descuartizó,0a*
ovillar,ovilló,0a*
sonrosar,sonrosó,0a*
rehabilitar,rehabilitó,0a*
neocolonizar,neocolonizó,0a*
purgar,purgó,0a*
desarmar,desarmó,0a*
creosotar,creosotó,0a*
sequestrar,sequestró,0a*
enyesar,enyesó,0a*
sellar,selló,0a*
domar,domó,0a*
peatonalizar,peatonalizó,0a*
vislumbrar,vislumbró,0a*
sobremedicar,sobremedicó,0a*
amadrinar,amadrinó,0a*
descuadrar,descuadró,0a*
vivar,vivó,0a*
apoderar,apoderó,0a*
reptar,reptó,0a*
atorgar,atorgó,0a*
baylar,bayló,0a*
engolosinar,engolosinó,0a*
tapar,tapó,0a*
cuadruplicar,cuadruplicó,0a*
centuplicar,centuplicó,0a*
compulsar,compulsó,0a*
titrar,titró,0a*
expurgar,expurgó,0a*
cooperativizar,cooperativizó,0a*
coronar,coronó,0a*
chirlar,chirló,0a*
abatanar,abatanó,0a*
enmascarar,enmascaró,0a*
tintar,tintó,0a*
escapar,escapó,0a*
expirar,expiró,0a*
clarificar,clarificó,0a*
acojonar,acojonó,0a*
husmar,husmó,0a*
patinar,patinó,0a*
profundar,profundó,0a*
fiscalizar,fiscalizó,0a*
trinchar,trinchó,0a*
exhortar,exhortó,0a*
alfabetizar,alfabetizó,0a*
acorar,acoró,0a*
remachar,remachó,0a*
agradar,agradó,0a*
entortijar,entortijó,0a*
boletinar,boletinó,0a*
niquelar,niqueló,0a*
engrapar,engrapó,0a*
confeccionar,confeccionó,0a*
tapiscar,tapiscó,0a*
disciplinar,disciplinó,0a*
cardar,cardó,0a*
ensamblar,ensambló,0a*
sobrevolar,sobrevoló,0a*
añejar,añejó,0a*
señar,señó,0a*
cocinar,cocinó,0a*
enconar,enconó,0a*
armonizar,armonizó,0a*
vinificar,vinificó,0a*
reforjar,reforjó,0a*
desabotonar,desabotonó,0a*
satirizar,satirizó,0a*
dinamizar,dinamizó,0a*
interlocutar,interlocutó,0a*
reclasificar,reclasificó,0a*
arramblar,arrambló,0a*
abrevar,abrevó,0a*
amoldar,amoldó,0a*
estabilizar,estabilizó,0a*
pechar,pechó,0a*
singar,singó,0a*
secularizar,secularizó,0a*
liquenizar,liquenizó,0a*
remontar,remontó,0a*
mielinizar,mielinizó,0a*
imprecar,imprecó,0a*
aplegar,aplegó,0a*
capar,capó,0a*
acuitar,acuitó,0a*
embarcar,embarcó,0a*
atraillar,atrailló,0a*
fisgar,fisgó,0a*
ionizar,ionizó,0a*
ranchar,ranchó,0a*
priorizar,priorizó,0a*
metastatizar,metastatizó,0a*
resecar,resecó,0a*
pigmentar,pigmentó,0a*
rechazar,rechazó,0a*
abrochar,abrochó,0a*
firmar,firmó,0a*
sarmentar,sarmentó,0a*
detallar,detalló,0a*
encolumnar,encolumnó,0a*
probar,probó,0a*
desechar,desechó,0a*
furular,furuló,0a*
ambientar,ambientó,0a*
aflamencar,aflamencó,0a*
emplomar,emplomó,0a*
destrenzar,destrenzó,0a*
sotar,sotó,0a*
apelotonar,apelotonó,0a*
plagar,plagó,0a*
arrostrar,arrostró,0a*
advocar,advocó,0a*
balcanizar,balcanizó,0a*
obcecar,obcecó,0a*
adelantar,adelantó,0a*
geolocalizar,geolocalizó,0a*
perturbar,perturbó,0a*
anillar,anilló,0a*
despellejar,despellejó,0a*
topetar,topetó,0a*
rimar,rimó,0a*
ejemplificar,ejemplificó,0a*
remusgar,remusgó,0a*
improbar,improbó,0a*
compaginar,compaginó,0a*
polinizar,polinizó,0a*
cuantizar,cuantizó,0a*
incitar,incitó,0a*
hegemonizar,hegemonizó,0a*
unificar,unificó,0a*
cabrahigar,cabrahigó,0a*
homosexualizar,homosexualizó,0a*
denominar,denominó,0a*
desencajar,desencajó,0a*
desglosar,desglosó,0a*
supervalorar,supervaloró,0a*
enguirnaldar,enguirnaldó,0a*
orquestar,orquestó,0a*
encanijar,encanijó,0a*
fatigar,fatigó,0a*
untar,untó,0a*
refigurar,refiguró,0a*
traspapelar,traspapeló,0a*
inmortalizar,inmortalizó,0a*
deshumidificar,deshumidificó,0a*
masturbar,masturbó,0a*
calar,caló,0a*
resecar,resecó,0a*
camuflajear,camuflajeó,0b*
falcacear,falcaceó,0b*
preciar,preció,0b*
expoliar,expolió,0b*
abejear,abejeó,0b*
simultanear,simultaneó,0b*
angustiar,angustió,0b*
pronunciar,pronunció,0b*
zorrear,zorreó,0b*
vaciar,vació,0b*
justipreciar,justipreció,0b*
resetear,reseteó,0b*
rumbiar,rumbió,0b*
sestear,sesteó,0b*
solear,soleó,0b*
atenuar,atenuó,0b*
cablear,cableó,0b*
monitorear,monitoreó,0b*
alear,aleó,0b*
costear,costeó,0b*
desvariar,desvarió,0b*
arrear,arreó,0b*
matrimoniar,matrimonió,0b*
galguear,galgueó,0b*
chivatear,chivateó,0b*
taxiar,taxió,0b*
otear,oteó,0b*
refotografiar,refotografió,0b*
juguetear,jugueteó,0b*
conferenciar,conferenció,0b*
botear,boteó,0b*
contrabandear,contrabandeó,0b*
procrear,procreó,0b*
barequear,barequeó,0b*
auspiciar,auspició,0b*
cancanear,cancaneó,0b*
incoar,incoó,0b*
inventariar,inventarió,0b*
fantasiar,fantasió,0b*
agujerear,agujereó,0b*
gorgotear,gorgoteó,0b*
trapear,trapeó,0b*
garrotear,garroteó,0b*
asociar,asoció,0b*
castañear,castañeó,0b*
geobloquear,geobloqueó,0b*
evidenciar,evidenció,0b*
truquear,truqueó,0b*
cachimbear,cachimbeó,0b*
tamborilear,tamborileó,0b*
loquear,loqueó,0b*
chamarilear,chamarileó,0b*
desaparear,desapareó,0b*
trocear,troceó,0b*
vidriar,vidrió,0b*
principiar,principió,0b*
capitanear,capitaneó,0b*
cencerrear,cencerreó,0b*
gitanear,gitaneó,0b*
escabiar,escabió,0b*
bromear,bromeó,0b*
solfear,solfeó,0b*
forcejear,forcejeó,0b*
mandonear,mandoneó,0b*
bulear,buleó,0b*
vitorear,vitoreó,0b*
webear,webeó,0b*
agriar,agrió,0b*
stalkear,stalkeó,0b*
timonear,timoneó,0b*
putear,puteó,0b*
nuclear,nucleó,0b*
pastorear,pastoreó,0b*
patalear,pataleó,0b*
guerrear,guerreó,0b*
menudear,menudeó,0b*
espoliar,espolió,0b*
malabarear,malabareó,0b*
enripiar,enripió,0b*
dimidiar,dimidió,0b*
pisotear,pisoteó,0b*
reguetonear,reguetoneó,0b*
coactuar,coactuó,0b*
chismear,chismeó,0b*
mercadear,mercadeó,0b*
comisariar,comisarió,0b*
deletrear,deletreó,0b*
chantajear,chantajeó,0b*
chantear,chanteó,0b*
pelotear,peloteó,0b*
machetear,macheteó,0b*
manotear,manoteó,0b*
farolear,faroleó,0b*
rodear,rodeó,0b*
chafardear,chafardeó,0b*
magancear,maganceó,0b*
exfoliar,exfolió,0b*
loquear,loqueó,0b*
rabear,rabeó,0b*
lotear,loteó,0b*
muestrear,muestreó,0b*
blandear,blandeó,0b*
llamear,llameó,0b*
recrear,recreó,0b*
obviar,obvió,0b*
alborear,alboreó,0b*
distanciar,distanció,0b*
oficiar,ofició,0b*
versear,verseó,0b*
renegociar,renegoció,0b*
chapurrear,chapurreó,0b*
agraciar,agració,0b*
metamorfosear,metamorfoseó,0b*
bordonear,bordoneó,0b*
propiciar,propició,0b*
matear,mateó,0b*
atarear,atareó,0b*
trompetear,trompeteó,0b*
choricear,choriceó,0b*
denunciar,denunció,0b*
petardear,petardeó,0b*
tantear,tanteó,0b*
salariar,salarió,0b*
pedorrear,pedorreó,0b*
puntuar,puntuó,0b*
sentenciar,sentenció,0b*
codiciar,codició,0b*
cuerear,cuereó,0b*
pololear,pololeó,0b*
reportear,reporteó,0b*
reenviar,reenvió,0b*
aparear,apareó,0b*
bastonear,bastoneó,0b*
frentear,frenteó,0b*
ansiar,ansió,0b*
circunstanciar,circunstanció,0b*
cariar,carió,0b*
albear,albeó,0b*
ampliar,amplió,0b*
expiar,expió,0b*
amnistiar,amnistió,0b*
secuenciar,secuenció,0b*
mutear,muteó,0b*
refugiar,refugió,0b*
baquetear,baqueteó,0b*
escanciar,escanció,0b*
descambiar,descambió,0b*
enjaguar,enjaguó,0b*
sisear,siseó,0b*
tapiar,tapió,0b*
agremiar,agremió,0b*
vivaquear,vivaqueó,0b*
embrear,embreó,0b*
alancear,alanceó,0b*
pelear,peleó,0b*
ripear,ripeó,0b*
jalear,jaleó,0b*
jalonear,jaloneó,0b*
barquear,barqueó,0b*
pichicatear,pichicateó,0b*
falsear,falseó,0b*
runrunear,runruneó,0b*
franquear,franqueó,0b*
planear,planeó,0b*
moquear,moqueó,0b*
flirtear,flirteó,0b*
canturrear,canturreó,0b*
chancear,chanceó,0b*
acicatear,acicateó,0b*
sargentear,sargenteó,0b*
demediar,demedió,0b*
bobear,bobeó,0b*
sablear,sableó,0b*
tambalear,tambaleó,0b*
enranciar,enranció,0b*
alinear,alineó,0b*
estudiar,estudió,0b*
pasear,paseó,0b*
hojear,hojeó,0b*
trapichear,trapicheó,0b*
chapotear,chapoteó,0b*
zurear,zureó,0b*
esquiar,esquió,0b*
culiar,culió,0b*
rumbear,rumbeó,0b*
capotear,capoteó,0b*
renquear,renqueó,0b*
clavetear,claveteó,0b*
linear,lineó,0b*
baldear,baldeó,0b*
adaguar,adaguó,0b*
olfatear,olfateó,0b*
tijeretear,tijereteó,0b*
copiar,copió,0b*
baquiar,baquió,0b*
deletear,deleteó,0b*
clarear,clareó,0b*
tunear,tuneó,0b*
putañear,putañeó,0b*
sabotear,saboteó,0b*
arcabucear,arcabuceó,0b*
carnear,carneó,0b*
anunciar,anunció,0b*
golpear,golpeó,0b*
aporrear,aporreó,0b*
varear,vareó,0b*
ronear,roneó,0b*
cablegrafiar,cablegrafió,0b*
insidiar,insidió,0b*
guasapear,guasapeó,0b*
rasguear,rasgueó,0b*
contornear,contorneó,0b*
intercambiar,intercambió,0b*
estanear,estaneó,0b*
zanganear,zanganeó,0b*
guataquear,guataqueó,0b*
canear,caneó,0b*
vadear,vadeó,0b*
autografiar,autografió,0b*
alburear,albureó,0b*
prear,preó,0b*
chismorrear,chismorreó,0b*
regodear,regodeó,0b*
datear,dateó,0b*
especiar,especió,0b*
maliciar,malició,0b*
expropiar,expropió,0b*
potear,poteó,0b*
menguar,menguó,0b*
carbonear,carboneó,0b*
fumblear,fumbleó,0b*
elogiar,elogió,0b*
carnavalear,carnavaleó,0b*
toquetear,toqueteó,0b*
mear,meó,0b*
camotear,camoteó,0b*
avaluar,avaluó,0b*
gerenciar,gerenció,0b*
saciar,sació,0b*
exiliar,exilió,0b*
caracolear,caracoleó,0b*
sondear,sondeó,0b*
ajusticiar,ajustició,0b*
parquear,parqueó,0b*
colorear,coloreó,0b*
bojear,bojeó,0b*
mantear,manteó,0b*
hermosear,hermoseó,0b*
ladear,ladeó,0b*
wasapear,wasapeó,0b*
formatear,formateó,0b*
notariar,notarió,0b*
exponenciar,exponenció,0b*
fastidiar,fastidió,0b*
tornear,torneó,0b*
zapatear,zapateó,0b*
marear,mareó,0b*
galantear,galanteó,0b*
abofetear,abofeteó,0b*
foguear,fogueó,0b*
basurear,basureó,0b*
parrandear,parrandeó,0b*
atrofiar,atrofió,0b*
repotenciar,repotenció,0b*
taclear,tacleó,0b*
voltear,volteó,0b*
trapalear,trapaleó,0b*
asquear,asqueó,0b*
farrear,farreó,0b*
sermonear,sermoneó,0b*
boquear,boqueó,0b*
doñear,doñeó,0b*
blofear,blofeó,0b*
subvaluar,subvaluó,0b*
pleitear,pleiteó,0b*
gandulear,ganduleó,0b*
atreguar,atreguó,0b*
drapear,drapeó,0b*
josear,joseó,0b*
granjear,granjeó,0b*
mosquear,mosqueó,0b*
rankear,rankeó,0b*
loncotear,loncoteó,0b*
rotomoldear,rotomoldeó,0b*
sanear,saneó,0b*
pajaronear,pajaroneó,0b*
trapacear,trapaceó,0b*
balsear,balseó,0b*
fondear,fondeó,0b*
chiquear,chiqueó,0b*
fotocopiar,fotocopió,0b*
insinuar,insinuó,0b*
driblear,dribleó,0b*
relampaguear,relampagueó,0b*
tamborear,tamboreó,0b*
maquear,maqueó,0b*
lisiar,lisió,0b*
cliquear,cliqueó,0b*
cristinear,cristineó,0b*
mecatear,mecateó,0b*
dañinear,dañineó,0b*
timbear,timbeó,0b*
besuquear,besuqueó,0b*
pajear,pajeó,0b*
desquiciar,desquició,0b*
mordisquear,mordisqueó,0b*
contextuar,contextuó,0b*
plagiar,plagió,0b*
escenografiar,escenografió,0b*
mostrear,mostreó,0b*
pestañear,pestañeó,0b*
cabrear,cabreó,0b*
amortiguar,amortiguó,0b*
tatuar,tatuó,0b*
tictaquear,tictaqueó,0b*
anticuar,anticuó,0b*
pintorrear,pintorreó,0b*
hombrear,hombreó,0b*
badajear,badajeó,0b*
experienciar,experienció,0b*
sapear,sapeó,0b*
eutanasiar,eutanasió,0b*
contrariar,contrarió,0b*
desahuciar,desahució,0b*
chasquear,chasqueó,0b*
broncear,bronceó,0b*
turquear,turqueó,0b*
becerrear,becerreó,0b*
bachear,bacheó,0b*
victorear,victoreó,0b*
fedatear,fedateó,0b*
quintaesenciar,quintaesenció,0b*
saquear,saqueó,0b*
corcovear,corcoveó,0b*
lampasear,lampaseó,0b*
gostear,gosteó,0b*
tartamudear,tartamudeó,0b*
pendonear,pendoneó,0b*
necear,neceó,0b*
arpegiar,arpegió,0b*
continuar,continuó,0b*
pintarrajear,pintarrajeó,0b*
palmotear,palmoteó,0b*
crackear,crackeó,0b*
berrear,berreó,0b*
pifiar,pifió,0b*
sandunguear,sandungueó,0b*
enbiar,enbió,0b*
fregotear,fregoteó,0b*
rumorear,rumoreó,0b*
licuar,licuó,0b*
ataviar,atavió,0b*
reformatear,reformateó,0b*
acachetear,acacheteó,0b*
abejorrear,abejorreó,0b*
corear,coreó,0b*
miniar,minió,0b*
fotografiar,fotografió,0b*
piquetear,piqueteó,0b*
chopear,chopeó,0b*
lesear,leseó,0b*
interactuar,interactuó,0b*
barajear,barajeó,0b*
martillear,martilleó,0b*
boletear,boleteó,0b*
variar,varió,0b*
polvorear,polvoreó,0b*
ripiar,ripió,0b*
desgraciar,desgració,0b*
camorrear,camorreó,0b*
licenciar,licenció,0b*
desconceptuar,desconceptuó,0b*
columpiar,columpió,0b*
chapucear,chapuceó,0b*
intermediar,intermedió,0b*
xerocopiar,xerocopió,0b*
evaluar,evaluó,0b*
ventear,venteó,0b*
pajarear,pajareó,0b*
barretear,barreteó,0b*
vanagloriar,vanaglorió,0b*
soguear,sogueó,0b*
recambiar,recambió,0b*
motear,moteó,0b*
retuitear,retuiteó,0b*
cachurear,cachureó,0b*
disociar,disoció,0b*
enunciar,enunció,0b*
stanear,staneó,0b*
cabrestear,cabresteó,0b*
picotear,picoteó,0b*
boicotear,boicoteó,0b*
orear,oreó,0b*
vaporear,vaporeó,0b*
pilotear,piloteó,0b*
verguear,vergueó,0b*
roquear,roqueó,0b*
confiar,confió,0b*
envidiar,envidió,0b*
preceptuar,preceptuó,0b*
racanear,racaneó,0b*
sustanciar,sustanció,0b*
repatear,repateó,0b*
desambiguar,desambiguó,0b*
parapetear,parapeteó,0b*
balancear,balanceó,0b*
tabletear,tableteó,0b*
rasquetear,rasqueteó,0b*
extraviar,extravió,0b*
postear,posteó,0b*
terciar,terció,0b*
teclear,tecleó,0b*
pastelear,pasteleó,0b*
compadrear,compadreó,0b*
placear,placeó,0b*
malcriar,malcrió,0b*
presagiar,presagió,0b*
tontear,tonteó,0b*
garronear,garroneó,0b*
enseñorear,enseñoreó,0b*
preanunciar,preanunció,0b*
telefonear,telefoneó,0b*
noticiar,notició,0b*
cajonear,cajoneó,0b*
malear,maleó,0b*
zancadillear,zancadilleó,0b*
resfriar,resfrió,0b*
incordiar,incordió,0b*
galonear,galoneó,0b*
balacear,balaceó,0b*
coauspiciar,coauspició,0b*
carretear,carreteó,0b*
gulusmear,gulusmeó,0b*
desliar,deslió,0b*
potenciar,potenció,0b*
estoquear,estoqueó,0b*
excoriar,excorió,0b*
agenciar,agenció,0b*
zascandilear,zascandileó,0b*
ojear,ojeó,0b*
pendejear,pendejeó,0b*
flambear,flambeó,0b*
arreciar,arreció,0b*
consensuar,consensuó,0b*
capear,capeó,0b*
comerciar,comerció,0b*
cunear,cuneó,0b*
remolinear,remolineó,0b*
forrajear,forrajeó,0b*
pintear,pinteó,0b*
desafiar,desafió,0b*
escasear,escaseó,0b*
setear,seteó,0b*
extenuar,extenuó,0b*
mangonear,mangoneó,0b*
pifear,pifeó,0b*
cabestrear,cabestreó,0b*
husmear,husmeó,0b*
googlear,googleó,0b*
guarachear,guaracheó,0b*
gorjear,gorjeó,0b*
zancajear,zancajeó,0b*
privilegiar,privilegió,0b*
voltejear,voltejeó,0b*
cloquear,cloqueó,0b*
carterear,cartereó,0b*
historiar,historió,0b*
codear,codeó,0b*
nukear,nukeó,0b*
zamarrear,zamarreó,0b*
anoticiar,anotició,0b*
chequear,chequeó,0b*
escuelear,escueleó,0b*
calumniar,calumnió,0b*
radiografiar,radiografió,0b*
atestiguar,atestiguó,0b*
rojear,rojeó,0b*
cacerolear,caceroleó,0b*
silenciar,silenció,0b*
cuartear,cuarteó,0b*
ventosear,ventoseó,0b*
dippear,dippeó,0b*
replantear,replanteó,0b*
testimoniar,testimonió,0b*
turistear,turisteó,0b*
buitrear,buitreó,0b*
renunciar,renunció,0b*
ñoñear,ñoñeó,0b*
cabildear,cabildeó,0b*
jarrear,jarreó,0b*
fildear,fildeó,0b*
lloriquear,lloriqueó,0b*
residenciar,residenció,0b*
franjear,franjeó,0b*
galopear,galopeó,0b*
conciliar,concilió,0b*
escamotear,escamoteó,0b*
pespuntear,pespunteó,0b*
chicanear,chicaneó,0b*
twittear,twitteó,0b*
cuchuchear,cuchucheó,0b*
puntear,punteó,0b*
bichear,bicheó,0b*
curvear,curveó,0b*
serpentear,serpenteó,0b*
hanguear,hangueó,0b*
arquear,arqueó,0b*
biografiar,biografió,0b*
rockanrolear,rockanroleó,0b*
florear,floreó,0b*
trolear,troleó,0b*
grafitear,grafiteó,0b*
cucharetear,cuchareteó,0b*
hastiar,hastió,0b*
recatear,recateó,0b*
salsear,salseó,0b*
lancear,lanceó,0b*
titubear,titubeó,0b*
linquear,linqueó,0b*
apremiar,apremió,0b*
rafaguear,rafagueó,0b*
tutear,tuteó,0b*
flanquear,flanqueó,0b*
cesantear,cesanteó,0b*
moldear,moldeó,0b*
altear,alteó,0b*
rastrear,rastreó,0b*
hormiguear,hormigueó,0b*
serpear,serpeó,0b*
custodiar,custodió,0b*
compendiar,compendió,0b*
aliar,alió,0b*
bolsear,bolseó,0b*
repudiar,repudió,0b*
pipetear,pipeteó,0b*
barbotear,barboteó,0b*
visoriar,visorió,0b*
draftear,drafteó,0b*
chinear,chineó,0b*
redondear,redondeó,0b*
cojear,cojeó,0b*
anestesiar,anestesió,0b*
pispear,pispeó,0b*
cafichear,caficheó,0b*
pastear,pasteó,0b*
charquear,charqueó,0b*
arriar,arrió,0b*
colear,coleó,0b*
evacuar,evacuó,0b*
remoldear,remoldeó,0b*
desaguar,desaguó,0b*
cecear,ceceó,0b*
pandear,pandeó,0b*
taponear,taponeó,0b*
cuerpear,cuerpeó,0b*
cacarear,cacareó,0b*
hociquear,hociqueó,0b*
cachiporrear,cachiporreó,0b*
aviar,avió,0b*
reverdecer,reverdeció,0c*
entontecer,entonteció,0c*
embellecer,embelleció,0c*
comer,comió,0c*
blanquecer,blanqueció,0c*
mover,movió,0c*
empequeñecer,empequeñeció,0c*
destejer,destejió,0c*
rejuvenecer,rejuveneció,0c*
florecer,floreció,0c*
adormecer,adormeció,0c*
ennoblecer,ennobleció,0c*
reemprender,reemprendió,0c*
trascender,trascendió,0c*
enlentecer,enlenteció,0c*
romper,rompió,0c*
socorrer,socorrió,0c*
permanecer,permaneció,0c*
intender,intendió,0c*
someter,sometió,0c*
relamer,relamió,0c*
ceder,cedió,0c*
guarnecer,guarneció,0c*
prender,prendió,0c*
endurecer,endureció,0c*
emulger,emulgió,0c*
negrecer,negreció,0c*
retroceder,retrocedió,0c*
escaecer,escaeció,0c*
enmudecer,enmudeció,0c*
enriquecer,enriqueció,0c*
sorprender,sorprendió,0c*
esmorecer,esmoreció,0c*
equivaler,equivalió,0c*
enternecer,enterneció,0c*
converger,convergió,0c*
correr,corrió,0c*
desfallecer,desfalleció,0c*
enrojecer,enrojeció,0c*
encanecer,encaneció,0c*
renacer,renació,0c*
perecer,pereció,0c*
retorcer,retorció,0c*
palidecer,palideció,0c*
temer,temió,0c*
ensoberbecer,ensoberbeció,0c*
encoger,encogió,0c*
encarnecer,encarneció,0c*
comprender,comprendió,0c*
nacer,nació,0c*
reprender,reprendió,0c*
bolver,bolvió,0c*
subyacer,subyació,0c*
yacer,yació,0c*
entretejer,entretejió,0c*
entristecer,entristeció,0c*
prever,previó,0c*
entender,entendió,0c*
robustecer,robusteció,0c*
desproteger,desprotegió,0c*
resorber,resorbió,0c*
emputecer,emputeció,0c*
extender,extendió,0c*
depender,dependió,0c*
escarnecer,escarneció,0c*
mulger,mulgió,0c*
conmover,conmovió,0c*
responder,respondió,0c*
compeler,compelió,0c*
tacer,tació,0c*
prometer,prometió,0c*
embrutecer,embruteció,0c*
restablecer,restableció,0c*
envejecer,envejeció,0c*
entenebrecer,entenebreció,0c*
pretender,pretendió,0c*
recoser,recosió,0c*
subtender,subtendió,0c*
defender,defendió,0c*
ofender,ofendió,0c*
malentender,malentendió,0c*
coger,cogió,0c*
preceder,precedió,0c*
cocer,coció,0c*
proteger,protegió,0c*
endentecer,endenteció,0c*
agradecer,agradeció,0c*
sobrentender,sobrentendió,0c*
envilecer,envileció,0c*
demoler,demolió,0c*
expeler,expelió,0c*
desguarnecer,desguarneció,0c*
empobrecer,empobreció,0c*
resolver,resolvió,0c*
remover,removió,0c*
arremeter,arremetió,0c*
solver,solvió,0c*
deber,debió,0c*
recrecer,recreció,0c*
contender,contendió,0c*
recocer,recoció,0c*
interceder,intercedió,0c*
obedecer,obedeció,0c*
enceguecer,encegueció,0c*
reaparecer,reapareció,0c*
adolecer,adoleció,0c*
cerner,cernió,0c*
descaecer,descaeció,0c*
morder,mordió,0c*
condescender,condescendió,0c*
enloquecer,enloqueció,0c*
fosforescer,fosforesció,0c*
oscurecer,oscureció,0c*
anteceder,antecedió,0c*
corromper,corrompió,0c*
absolver,absolvió,0c*
desprender,desprendió,0c*
coser,cosió,0c*
desconocer,desconoció,0c*
desobedecer,desobedeció,0c*
absorber,absorbió,0c*
distender,distendió,0c*
devolver,devolvió,0c*
entumecer,entumeció,0c*
revolver,revolvió,0c*
padecer,padeció,0c*
desfavorecer,desfavoreció,0c*
preestablecer,preestableció,0c*
reestablecer,reestableció,0c*
empalidecer,empalideció,0c*
cometer,cometió,0c*
desperecer,despereció,0c*
sobrecoger,sobrecogió,0c*
desaprender,desaprendió,0c*
emprender,emprendió,0c*
descoger,descogió,0c*
reabsorber,reabsorbió,0c*
recorrer,recorrió,0c*
desabastecer,desabasteció,0c*
aprehender,aprehendió,0c*
promover,promovió,0c*
empecer,empeció,0c*
subentender,subentendió,0c*
torcer,torció,0c*
tender,tendió,0c*
emunger,emungió,0c*
esclarecer,esclareció,0c*
desenvolver,desenvolvió,0c*
fenecer,feneció,0c*
meter,metió,0c*
latir,latió,0d*
deludir,deludió,0d*
elidir,elidió,0d*
embustir,embustió,0d*
restringir,restringió,0d*
polir,polió,0d*
retrasmitir,retrasmitió,0d*
confligir,confligió,0d*
dividir,dividió,0d*
hundir,hundió,0d*
erigir,erigió,0d*
entreabrir,entreabrió,0d*
resumir,resumió,0d*
sobreescribir,sobreescribió,0d*
transigir,transigió,0d*
cumplir,cumplió,0d*
desinhibir,desinhibió,0d*
mimir,mimió,0d*
lucir,lució,0d*
discutir,discutió,0d*
desistir,desistió,0d*
definir,definió,0d*
reimprimir,reimprimió,0d*
negligir,negligió,0d*
resurgir,resurgió,0d*
crujir,crujió,0d*
urgir,urgió,0d*
refundir,refundió,0d*
radiodifundir,radiodifundió,0d*
ocurrir,ocurrió,0d*
carpir,carpió,0d*
abatir,abatió,0d*
exprimir,exprimió,0d*
descubrir,descubrió,0d*
sobrevivir,sobrevivió,0d*
resistir,resistió,0d*
fulgir,fulgió,0d*
aplaudir,aplaudió,0d*
enlucir,enlució,0d*
malparir,malparió,0d*
invadir,invadió,0d*
infundir,infundió,0d*
percutir,percutió,0d*
escurrir,escurrió,0d*
nudrir,nudrió,0d*
unir,unió,0d*
coludir,coludió,0d*
transfundir,transfundió,0d*
departir,departió,0d*
zurcir,zurció,0d*
expandir,expandió,0d*
deslucir,deslució,0d*
residir,residió,0d*
convivir,convivió,0d*
marcir,marció,0d*
consistir,consistió,0d*
fingir,fingió,0d*
esculpir,esculpió,0d*
salir,salió,0d*
tupir,tupió,0d*
incumplir,incumplió,0d*
sobrescribir,sobrescribió,0d*
rediscutir,rediscutió,0d*
adurir,adurió,0d*
eligir,eligió,0d*
subir,subió,0d*
prescribir,prescribió,0d*
transcribir,transcribió,0d*
engrupir,engrupió,0d*
coincidir,coincidió,0d*
redimir,redimió,0d*
inhibir,inhibió,0d*
bastir,bastió,0d*
recubrir,recubrió,0d*
trascribir,trascribió,0d*
ludir,ludió,0d*
inadmitir,inadmitió,0d*
extrudir,extrudió,0d*
batir,batió,0d*
permitir,permitió,0d*
emitir,emitió,0d*
sumir,sumió,0d*
encurtir,encurtió,0d*
desuscribir,desuscribió,0d*
redescubrir,redescubrió,0d*
copresidir,copresidió,0d*
ascondir,ascondió,0d*
urdir,urdió,0d*
asir,asió,0d*
abrir,abrió,0d*
eximir,eximió,0d*
esparcir,esparció,0d*
redescribir,redescribió,0d*
aturdir,aturdió,0d*
readquirir,readquirió,0d*
decidir,decidió,0d*
fundir,fundió,0d*
escupir,escupió,0d*
astringir,astringió,0d*
repartir,repartió,0d*
esgrimir,esgrimió,0d*
reabrir,reabrió,0d*
escandir,escandió,0d*
aburrir,aburrió,0d*
inquirir,inquirió,0d*
deglutir,deglutió,0d*
sufrir,sufrió,0d*
adquirir,adquirió,0d*
parir,parió,0d*
codirigir,codirigió,0d*
asumir,asumió,0d*
desnutrir,desnutrió,0d*
resarcir,resarció,0d*
fungir,fungió,0d*
proscribir,proscribió,0d*
retundir,retundió,0d*
iludir,iludió,0d*
rostir,rostió,0d*
curtir,curtió,0d*
frangir,frangió,0d*
punir,punió,0d*
finir,finió,0d*
compungir,compungió,0d*
transmitir,transmitió,0d*
pulir,pulió,0d*
recudir,recudió,0d*
apurrir,apurrió,0d*
debatir,debatió,0d*
omitir,omitió,0d*
subsistir,subsistió,0d*
tañer,tañó,1a
retañer,retañó,1a
astriñir,astriñó,1b
gañir,gañó,1b
juñir,juñó,1b
tañir,tañó,1b
bruñir,bruñó,1b
sobreseer,sobreseyó,2a
peer,peyó,2a
creer,creyó,2a
desposeer,desposeyó,2a
leer,leyó,2a
caer,cayó,2a
roer,royó,2a
raer,rayó,2a
construir,construyó,2b
atribuir,atribuyó,2b
preconstituir,preconstituyó,2b
instruir,instruyó,2b
abluir,abluyó,2b
intuir,intuyó,2b
desobstruir,desobstruyó,2b
substituir,substituyó,2b
reconstruir,reconstruyó,2b
prostituir,prostituyó,2b
distribuir,distribuyó,2b
fluir,fluyó,2b
protruir,protruyó,2b
sustituir,sustituyó,2b
instituir,instituyó,2b
retribuir,retribuyó,2b
restituir,restituyó,2b
imbuir,imbuyó,2b
capitidisminuir,capitidisminuyó,2b
estatuir,estatuyó,2b
extinguir,extinguió,2c*
distinguir,distinguió,2c*
delinquir,delinquió,2d*
chasquir,chasquió,2d*
derelinquir,derelinquió,2d*
proferir,profirió,3a
malherir,malhirió,3a
concebir,concibió,3a
adherir,adhirió,3a
interferir,interfirió,3a
reelegir,reeligió,3a
requerir,requirió,3a
recolegir,recoligió,3a
transferir,transfirió,3a
diferir,difirió,3a
gemir,gimió,3a
pedir,pidió,3a
corregir,corrigió,3a
conferir,confirió,3a
ingerir,ingirió,3a
preconcebir,preconcibió,3a
referir,refirió,3a
trasferir,trasfirió,3a
preterir,pretirió,3a
inferir,infirió,3a
vestir,vistió,3b
envestir,envistió,3b
servir,sirvió,3b
reconvertir,reconvirtió,3b
investir,invistió,3b
sentir,sintió,3b
travestir,travistió,3b
controvertir,controvirtió,3b
interconvertir,interconvirtió,3b
asentir,asintió,3b
rendir,rindió,3b
embestir,embistió,3b
mentir,mintió,3b
henchir,hinchió,3c
dehenchir,dehinchió,3c
seguir,siguió,3d
perseguir,persiguió,3d
deseguir,desiguió,3d
conseguir,consiguió,3d
estreñir,estriñó,3e
receñir,reciñó,3e
heñir,hiñó,3e
desceñir,desciñó,3e
ceñir,ciñó,3e